id,text,label,scenario_family,source_type,source_file,source_record,source_label,curation_reason,indirect_request_candidate,raw_text
EXT-C-001,this is the company Bank. We are calling to verify recent transactions on your account ending in the number. It is a routine security check—no action is required unless something looks unusual. Would you like to set up transaction alerts for better tracking?,CAUTION,banking,external_generated_unknown_source,English_NonScam.txt,5,non_scam,Curator reassignment: legitimate context plus a potentially sensitive identifier/account/action request.,False,"[Greetings], this is [Company] Bank. We are calling to verify recent transactions on your account ending in [Number]. It is a routine security check—no action is required unless something looks unusual. Would you like to set up transaction alerts for better tracking?"
EXT-C-002,"this is the company Bank. We are reaching out to verify a recent online transaction of the amount. Did you authorize this payment? If not, we can temporarily block your card and investigate further.",CAUTION,banking,external_generated_unknown_source,English_NonScam.txt,35,non_scam,Curator reassignment: legitimate context plus a potentially sensitive identifier/account/action request.,False,"[Greetings], this is [Company] Bank. We are reaching out to verify a recent online transaction of [Money]. Did you authorize this payment? If not, we can temporarily block your card and investigate further."
EXT-C-003,this is the company Scholarship Committee. Congratulations! You have been awarded a scholarship based on your academic excellence. Please check your email for next steps and verification documents.,CAUTION,other,external_generated_unknown_source,English_NonScam.txt,41,non_scam,Curator reassignment: legitimate context plus a potentially sensitive identifier/account/action request.,True,"[Greetings], this is [Company] Scholarship Committee. Congratulations! You have  been awarded a scholarship based on your academic excellence. Please check your email for next steps and verification documents."
EXT-C-004,this is the representative from the the company courier service. We noticed a delivery attempt was missed at your address. Could you please share your tracking number so we can arrange a new drop-off?,CAUTION,delivery,external_generated_unknown_source,English_NonScam.txt,82,non_scam,Curator reassignment: legitimate context plus a potentially sensitive identifier/account/action request.,False,"[Greetings], this is [Name] from the [Company] courier service. We noticed a delivery attempt was missed at your address. Could you please share your tracking number so we can arrange a new drop-off?"
EXT-C-005,"this is the representative from the company Delivery. You received a notification but are not sure about the item. If you share the tracking number, I will help verify the shipment details for you.",CAUTION,delivery,external_generated_unknown_source,English_NonScam.txt,83,non_scam,Curator reassignment: legitimate context plus a potentially sensitive identifier/account/action request.,False,"[Greetings], this is [Name] from [Company] Delivery. You received a notification but are not sure about the item. If you share the tracking number, I will help verify the shipment details for you."
EXT-C-006,this is the representative from the company Courier Services. You mentioned that your recent package arrived with damage. Can you share the tracking number so we can begin an investigation and file a report?,CAUTION,investment,external_generated_unknown_source,English_NonScam.txt,85,non_scam,Curator reassignment: legitimate context plus a potentially sensitive identifier/account/action request.,False,"[Greetings], this is [Name] from [Company] Courier Services. You mentioned that your recent package arrived with damage. Can you share the tracking number so we can begin an investigation and file a report?"
EXT-C-007,this is the representative from the company Courier Services. You called about the delivery time for your package. Please provide your tracking number so I can check the status and estimated arrival.,CAUTION,delivery,external_generated_unknown_source,English_NonScam.txt,91,non_scam,Curator reassignment: legitimate context plus a potentially sensitive identifier/account/action request.,False,"[Greetings], this is [Name] from [Company] Courier Services. You called about the delivery time for your package. Please provide your tracking number so I can check the status and estimated arrival."
EXT-C-008,this is the representative from the company Shipping Department. You requested to change your delivery address. Can you confirm your tracking number and let me know the updated address details?,CAUTION,banking,external_generated_unknown_source,English_NonScam.txt,92,non_scam,Curator reassignment: legitimate context plus a potentially sensitive identifier/account/action request.,False,"[Greetings], this is [Name] from [Company] Shipping Department. You requested to change your delivery address. Can you confirm your tracking number and let me know the updated address details?"
EXT-C-009,this is the representative from the company Delivery Services. You mentioned not receiving a package marked as delivered. Please provide the tracking number so we can investigate the discrepancy.,CAUTION,investment,external_generated_unknown_source,English_NonScam.txt,93,non_scam,Curator reassignment: legitimate context plus a potentially sensitive identifier/account/action request.,False,"[Greetings], this is [Name] from [Company] Delivery Services. You mentioned not receiving a package marked as delivered. Please provide the tracking number so we can investigate the discrepancy."
EXT-C-010,this is the representative from the company Logistics. You would like to schedule a pickup for a return item. Can you provide the tracking number and preferred date so we can confirm the appointment?,CAUTION,other,external_generated_unknown_source,English_NonScam.txt,94,non_scam,Curator reassignment: legitimate context plus a potentially sensitive identifier/account/action request.,False,"[Greetings], this is [Name] from [Company] Logistics. You would like to schedule a pickup for a return item. Can you provide the tracking number and preferred date so we can confirm the appointment?"
EXT-C-011,this is the representative from the company Courier Support. Your package is delayed in transit. Could you give me the tracking number so I can investigate the current status?,CAUTION,investment,external_generated_unknown_source,English_NonScam.txt,95,non_scam,Curator reassignment: legitimate context plus a potentially sensitive identifier/account/action request.,False,"[Greetings], this is [Name] from [Company] Courier Support. Your package is delayed in transit. Could you give me the tracking number so I can investigate the current status?"
EXT-C-012,this is the representativethe representative from the police department. You witnessed a hit-and-run accident. Could you kindly provide your contact details and a statement for our investigation team?,CAUTION,government,external_generated_unknown_source,English_NonScam.txt,96,non_scam,Curator reassignment: legitimate context plus a potentially sensitive identifier/account/action request.,False,"[Greetings], this is [Title][Name] from the police department. You witnessed a hit-and-run accident. Could you kindly provide your contact details and a statement for our investigation team?"
EXT-C-013,this is the representativethe representative from the company Police Station. You reported a case of online fraud. Could you please share all the relevant information and your location so we can assist?,CAUTION,government,external_generated_unknown_source,English_NonScam.txt,97,non_scam,Curator reassignment: legitimate context plus a potentially sensitive identifier/account/action request.,False,"[Greetings], this is [Title][Name] from [Company] Police Station. You reported a case of online fraud. Could you please share all the relevant information and your location so we can assist?"
EXT-C-014,this is the company Medical Centre. You had a question about your medication dosage. Could you please provide your prescription ID so we can reference it correctly?,CAUTION,health,external_generated_unknown_source,English_NonScam.txt,101,non_scam,Curator reassignment: legitimate context plus a potentially sensitive identifier/account/action request.,False,"[Greetings], this is [Company] Medical Centre. You had a question about your medication dosage. Could you please provide your prescription ID so we can reference it correctly?"
EXT-C-015,this is the representative from the company Medical Records. We received your request for vaccination documentation. Can you verify your date of birth for us to locate your record accurately?,CAUTION,health,external_generated_unknown_source,English_NonScam.txt,102,non_scam,Curator reassignment: legitimate context plus a potentially sensitive identifier/account/action request.,False,"[Greetings], this is [Name] from [Company] Medical Records. We received your request for vaccination documentation. Can you verify your date of birth for us to locate your record accurately?"
EXT-C-016,this is the representative from the company Bank. We have noticed some irregular activity on your account. Could you confirm the recent transactions for us to ensure everything is secure?,CAUTION,banking,external_generated_unknown_source,English_NonScam.txt,103,non_scam,Curator reassignment: legitimate context plus a potentially sensitive identifier/account/action request.,False,"[Greetings], this is [Name] from [Company] Bank. We have  noticed some irregular activity on your account. Could you confirm the recent transactions for us to ensure everything is secure?"
EXT-C-017,this is the representative from the company Credit Services. You reported an incorrect charge on your account. Could you share the transaction date and amount so we can investigate it further?,CAUTION,banking,external_generated_unknown_source,English_NonScam.txt,104,non_scam,Curator reassignment: legitimate context plus a potentially sensitive identifier/account/action request.,False,"[Greetings], this is [Name] from [Company] Credit Services. You reported an incorrect charge on your account. Could you share the transaction date and amount so we can investigate it further?"
EXT-C-018,this is the representative from the company Insurance. You requested clarification about your current policy coverage. Could you provide your policy number for accurate reference?,CAUTION,other,external_generated_unknown_source,English_NonScam.txt,105,non_scam,Curator reassignment: legitimate context plus a potentially sensitive identifier/account/action request.,False,"[Greetings], this is [Name] from [Company] Insurance. You requested clarification about your current policy coverage. Could you provide your policy number for accurate reference?"
EXT-C-019,this is the representative from the company Mortgage Department. You recently inquired about your loan application status. Could you confirm your reference number so we can check the system?,CAUTION,loan,external_generated_unknown_source,English_NonScam.txt,106,non_scam,Curator reassignment: legitimate context plus a potentially sensitive identifier/account/action request.,False,"[Greetings], this is [Name] from [Company] Mortgage Department. You recently inquired about your loan application status. Could you confirm your reference number so we can check the system?"
EXT-C-020,this is the representative from the company Investments. You reached out about concerns regarding your portfolio. Could you provide your account number for us to access your file securely?,CAUTION,banking,external_generated_unknown_source,English_NonScam.txt,107,non_scam,Curator reassignment: legitimate context plus a potentially sensitive identifier/account/action request.,False,"[Greetings], this is [Name] from [Company] Investments. You reached out about concerns regarding your portfolio. Could you provide your account number for us to access your file securely?"
EXT-C-021,this is the company Software Support. You reported a problem with your licensed software. Could you confirm your license key for verification and troubleshooting?,CAUTION,tech_support,external_generated_unknown_source,English_NonScam.txt,114,non_scam,Curator reassignment: legitimate context plus a potentially sensitive identifier/account/action request.,False,"[Greetings], this is [Company] Software Support. You reported a problem with your licensed software. Could you confirm your license key for verification and troubleshooting?"
EXT-C-022,this is the company Streaming Service Support. You contacted us about a billing issue. Could you provide your account email so we can access your subscription details?,CAUTION,banking,external_generated_unknown_source,English_NonScam.txt,115,non_scam,Curator reassignment: legitimate context plus a potentially sensitive identifier/account/action request.,False,"[Greetings], this is [Company] Streaming Service Support. You contacted us about a billing issue. Could you provide your account email so we can access your subscription details?"
EXT-C-023,this is the company Bank Support. You experienced a problem using online banking. Could you confirm your username and briefly describe the issue you are facing?,CAUTION,banking,external_generated_unknown_source,English_NonScam.txt,116,non_scam,Curator reassignment: legitimate context plus a potentially sensitive identifier/account/action request.,False,"[Greetings], this is [Company] Bank Support. You experienced a problem using online banking. Could you confirm your username and briefly describe the issue you are facing?"
EXT-C-024,this is the company Social Network Help Desk. You are having trouble accessing your account. Can you provide your registered email address for us to begin the recovery process?,CAUTION,banking,external_generated_unknown_source,English_NonScam.txt,117,non_scam,Curator reassignment: legitimate context plus a potentially sensitive identifier/account/action request.,False,"[Greetings], this is [Company] Social Network Help Desk. You are having trouble accessing your account. Can you provide your registered email address for us to begin the recovery process?"
EXT-C-025,this is the representative from the company Utilities. You contacted us regarding your recent water bill. Can you confirm your billing address so we can verify the account in question?,CAUTION,banking,external_generated_unknown_source,English_NonScam.txt,119,non_scam,Curator reassignment: legitimate context plus a potentially sensitive identifier/account/action request.,False,"[Greetings], this is [Name] from [Company] Utilities. You contacted us regarding your recent water bill. Can you confirm your billing address so we can verify the account in question?"
EXT-C-026,this is the representative from the company Gas Services. You reached out about an issue with your bill. Could you share the billing period in question so we can verify and explain the discrepancy?,CAUTION,utility,external_generated_unknown_source,English_NonScam.txt,123,non_scam,Curator reassignment: legitimate context plus a potentially sensitive identifier/account/action request.,False,"[Greetings], this is [Name] from [Company] Gas Services. You reached out about an issue with your bill. Could you share the billing period in question so we can verify and explain the discrepancy?"
EXT-C-027,this is the representative from the company Energy Services. We received your inquiry about your latest electricity bill. Could you provide your account number so we can pull up your details and assist further?,CAUTION,banking,external_generated_unknown_source,English_NonScam.txt,124,non_scam,Curator reassignment: legitimate context plus a potentially sensitive identifier/account/action request.,False,"[Greetings], this is [Name] from [Company] Energy Services. We received your inquiry about your latest electricity bill. Could you provide your account number so we can pull up your details and assist further?"
EXT-C-028,this is the representative from the company Airlines. You recently booked a flight and asked about baggage allowances. Could you provide your booking reference so we can confirm the details for your trip?,CAUTION,other,external_generated_unknown_source,English_NonScam.txt,125,non_scam,Curator reassignment: legitimate context plus a potentially sensitive identifier/account/action request.,False,"[Greetings], this is [Name] from [Company] Airlines. You recently booked a flight and asked about baggage allowances. Could you provide your booking reference so we can confirm the details for your trip?"
EXT-C-029,"this is the representative from the company Financial Aid Office. We wanted to inform you that the government has extended student loan payment relief options until the date. If you have questions or would like to verify your eligibility, please visit your nearest the company branch during working hours. Our staff will assist you with any documentation you may need to bring.",CAUTION,government,external_generated_unknown_source,English_NonScam.txt,369,non_scam,Curator reassignment: legitimate context plus a potentially sensitive identifier/account/action request.,False,"[Greetings], this is [Name] from [Company] Financial Aid Office. We wanted to inform you that the government has extended student loan payment relief options until [Date]. If you have questions or would like to verify your eligibility, please visit your nearest [Company] branch during working hours. Our staff will assist you with any documentation you may need to bring."
EXT-C-030,"this is the representative from the company HR Department. We noticed that you applied for a remote position with us. Interviews are being conducted online, but for contract finalization and identity verification, we request applicants to visit their nearest the company office with valid identification.",CAUTION,other,external_generated_unknown_source,English_NonScam.txt,374,non_scam,Curator reassignment: legitimate context plus a potentially sensitive identifier/account/action request.,False,"[Greetings], this is [Name] from [Company] HR Department. We noticed that you applied for a remote position with us. Interviews are being conducted online, but for contract finalization and identity verification, we request applicants to visit their nearest [Company] office with valid identification."
EXT-C-031,"this is the representative from the company Careers. We received your application and would like to proceed with the next steps. For verification and onboarding, please visit our recruitment outlet nearest to you with your reference number and identification.",CAUTION,employment,external_generated_unknown_source,English_NonScam.txt,376,non_scam,Curator reassignment: legitimate context plus a potentially sensitive identifier/account/action request.,False,"[Greetings], this is [Name] from [Company] Careers. We received your application and would like to proceed with the next steps. For verification and onboarding, please visit our recruitment outlet nearest to you with your reference number and identification."
EXT-C-032,"this is the representative from the company Government Aid Division. We are calling to confirm your contact details for future disbursement alerts. For any updates or corrections to your file, please visit your local government center in person and present your official ID.",CAUTION,government,external_generated_unknown_source,English_NonScam.txt,380,non_scam,Curator reassignment: legitimate context plus a potentially sensitive identifier/account/action request.,False,"[Greetings], this is [Name] from [Company] Government Aid Division. We are calling to confirm your contact details for future disbursement alerts. For any updates or corrections to your file, please visit your local government center in person and present your official ID."
EXT-C-033,"this is the representative. You may have received a digital wallet update notification from the company. For any clarifications or concerns, we recommend visiting your nearest service branch rather than acting through links. The staff will verify any required steps in person.",CAUTION,other,external_generated_unknown_source,English_NonScam.txt,384,non_scam,Curator reassignment: legitimate context plus a potentially sensitive identifier/account/action request.,False,"[Greetings], this is [Name]. You may have received a digital wallet update notification from [Company]. For any clarifications or concerns, we recommend visiting your nearest service branch rather than acting through links. The staff will verify any required steps in person."
EXT-C-034,"this is the representative from the company Payroll Division. We are transitioning all staff to a new salary payment platform. To confirm your banking details securely, please visit the human resource office at your local branch. Bring your employment ID and a recent payslip for verification.",CAUTION,banking,external_generated_unknown_source,English_NonScam.txt,385,non_scam,Curator reassignment: legitimate context plus a potentially sensitive identifier/account/action request.,False,"[Greetings], this is [Name] from [Company] Payroll Division. We are transitioning all staff to a new salary payment platform. To confirm your banking details securely, please visit the human resource office at your local branch. Bring your employment ID and a recent payslip for verification."
EXT-C-035,"this is the representative. I noticed confusion online about a recent message from the company Bank regarding new login procedures. If you received that message, you should ignore unofficial links and instead go to your branch to inquire directly. Bring your bank card and identification for confirmation.",CAUTION,banking,external_generated_unknown_source,English_NonScam.txt,386,non_scam,Curator reassignment: legitimate context plus a potentially sensitive identifier/account/action request.,True,"[Greetings], this is [Name]. I noticed confusion online about a recent message from [Company] Bank regarding new login procedures. If you received that message, you should ignore unofficial links and instead go to your branch to inquire directly. Bring your bank card and identification for confirmation."
EXT-C-036,"this is the representative from the company University Funding Office. Tuition reimbursement checks are being distributed this month. To confirm your disbursement or submit updated bank documents, please visit the finance division at your campus office.",CAUTION,banking,external_generated_unknown_source,English_NonScam.txt,400,non_scam,Curator reassignment: legitimate context plus a potentially sensitive identifier/account/action request.,False,"[Greetings], this is [Name] from [Company] University Funding Office. Tuition reimbursement checks are being distributed this month. To confirm your disbursement or submit updated bank documents, please visit the finance division at your campus office."
EXT-C-037,"this is the company Courier Services. Your parcel #the number is ready for pickup. If you require redelivery or need to update your address, contact our support centre.",CAUTION,delivery,external_generated_unknown_source,English_NonScam.txt,147,non_scam,Curator reassignment: legitimate context plus a potentially sensitive identifier/account/action request.,False,"[Greetings], this is [Company] Courier Services. Your parcel #[Number] is ready for pickup. If you require redelivery or need to update your address, contact our support centre."
EXT-C-038,this is the company Online Store Customer Service. You had a question about your recent order. Could you share your order number so we can check the status for you?,CAUTION,other,external_generated_unknown_source,English_NonScam.txt,113,non_scam,Curator reassignment: legitimate context plus a potentially sensitive identifier/account/action request.,False,"[Greetings], this is [Company] Online Store Customer Service. You had a question about your recent order. Could you share your order number so we can check the status for you?"
EXT-C-039,this is the representative from the company Online Academy. You expressed interest in our the product course. Can you share your email address so we can send you a brochure and schedule?,CAUTION,other,external_generated_unknown_source,English_NonScam.txt,120,non_scam,Curator reassignment: legitimate context plus a potentially sensitive identifier/account/action request.,False,"[Greetings], this is [Name] from [Company] Online Academy. You expressed interest in our [Product] course. Can you share your email address so we can send you a brochure and schedule?"
EXT-C-040,this is the company Billing Department. Your invoice for the product has been generated and is due by the date. Would you like a digital copy sent via email?,CAUTION,other,external_generated_unknown_source,English_NonScam.txt,27,non_scam,Curator reassignment: legitimate context plus a potentially sensitive identifier/account/action request.,True,"[Greetings], this is [Company] Billing Department. Your invoice for [Product] has been generated and is due by [Date]. Would you like a digital copy sent via email?"
EXT-H-001,"We are calling from a government grant agency. Due to an error in the system, you have received excess grant funds. To rectify this, we need your bank account details to process the refund.",HIGH,banking,external_generated_unknown_source,English_Scam.txt,23,scam,Inherited scam label; retained for scenario diversity and intent coverage.,True,"We are calling from a government grant agency. Due to an error in the system, you have received excess grant funds. To rectify this, we need your bank account details to process the refund."
EXT-H-002,"our system has detected that your payment was processed twice. You are eligible for a refund of the amount. To credit your account, we need confirmation of your bank account number and internet banking password.",HIGH,banking,external_generated_unknown_source,English_Scam.txt,393,scam,Inherited scam label; retained for scenario diversity and intent coverage.,True,"[Greetings], our system has detected that your payment was processed twice. You are eligible for a refund of [Money]. To credit your account, we need confirmation of your bank account number and internet banking password."
EXT-H-003,"the representativethe representative. I am reaching out from the relevant detail, dedicated to helping underprivileged children. A small donation of the amount could change lives. Kindly fill out our donor form with your full name, home address, and banking details so we can issue your official donation certificate. We need your response before the end of this month.",HIGH,banking,external_generated_unknown_source,English_Scam.txt,130,scam,Inherited scam label; retained for scenario diversity and intent coverage.,True,"[Greetings], [Title][Name]. I am reaching out from [Charity Name], dedicated to helping underprivileged children. A small donation of [Money] could change lives. Kindly fill out our donor form with your full name, home address, and banking details so we can issue your official donation certificate. We need your response before the end of this month."
EXT-H-004,"the representativethe representative. This is the representative from the company. You have an outstanding debt of the amount. If you do not settle it within the hour, we will be forced to involve legal proceedings. To avoid these legal proceedings, make the payment at this bank account number the number.",HIGH,banking,external_generated_unknown_source,English_Scam.txt,127,scam,Inherited scam label; retained for scenario diversity and intent coverage.,True,"[Greetings], [Title][Name]. This is [Name] from [Company] . You have an outstanding debt of [Money]. If you do not settle it within the hour, we will be forced to involve legal proceedings. To avoid these legal proceedings, make the payment at this bank account number [Number]."
EXT-H-005,"this is tech support from the company.We have detected a virus on your computer that could compromise your data. To fix it, we need a payment of the amount for immediate service. Please make the payment at this bank account number the number for us to proceed.",HIGH,banking,external_generated_unknown_source,English_Scam.txt,129,scam,Inherited scam label; retained for scenario diversity and intent coverage.,True,"[Greetings], this is tech support from [Company].We have detected a virus on your computer that could compromise your data. To fix it, we need a payment of [Money] for immediate service. Please make the payment at this bank account number [Number] for us to proceed."
EXT-H-006,"Thank you for your swift response. In addition to your banking details, providing your salary slips for the past four months, your the company e-filing, and any documents related to your property and assets would be highly beneficial. This will greatly assist us in expediting our investigation.",HIGH,banking,external_generated_unknown_source,English_Scam.txt,247,scam,Inherited scam label; retained for scenario diversity and intent coverage.,True,"Thank you for your swift response. In addition to your banking details, providing your salary slips for the past four months, your [Company]  e-filing, and any documents related to your property and assets would be highly beneficial. This will greatly assist us in expediting our investigation."
EXT-H-007,"it is the representative from the company Travel. Brace yourself for an extraordinary the country adventure with our Golden Kingdom Escape! Immerse yourself in the vibrant culture of the country, unwind on the pristine beaches of the country, and explore the lush jungles of the country. This exclusive offer, available at the provided link, brings you a jaw-dropping discount for the first lucky travellers! Revel in opulent accommodations, private excursions to hidden gems, and indulge in delectable the country cuisine. As a bonus, we are throwing in a complimentary spa day in the serene surroundings of the country. Seize the opportunity to experience the the country like never before. Hurry, this offer is too good to last – secure your spot now and get ready for an unforgettable journey in the country!",HIGH,banking,external_generated_unknown_source,English_Scam.txt,265,scam,Inherited scam label; retained for scenario diversity and intent coverage.,True,"[Greetings], it is [Name] from [Company]  Travel. Brace yourself for an extraordinary [Country] adventure with our Golden Kingdom Escape! Immerse yourself in the vibrant culture of [Country] , unwind on the pristine beaches of [Country] , and explore the lush jungles of [Country] . This exclusive offer, available at [Link], brings you a jaw-dropping discount for the first lucky travellers! Revel in opulent accommodations, private excursions to hidden gems, and indulge in delectable [Country] cuisine. As a bonus, we are throwing in a complimentary spa day in the serene surroundings of [Country] . Seize the opportunity to experience the [Country] like never before. Hurry, this offer is too good to last – secure your spot now and get ready for an unforgettable journey in [Country] !"
EXT-H-008,"this is the representativethe representative from the police department. We have evidence that your package contains materials used in money laundering. To resolve this and prevent any legal action, you must make a payment of the amount to the designated account. Failure to do so will result in an arrest warrant.",HIGH,banking,external_generated_unknown_source,English_Scam.txt,365,scam,Inherited scam label; retained for scenario diversity and intent coverage.,True,"[Greetings] , this is [Title][Name] from the police department. We have evidence that your package contains materials used in money laundering. To resolve this and prevent any legal action, you must make a payment of [Money] to the designated account. Failure to do so will result in an arrest warrant."
EXT-H-009,"Congratulations on your excellent work! You have significantly boosted our campaign. To process your payment, we need some details: Full Name, Bank Account Number, Bank Name, Age, Occupation, Phone Number, City, Citizenship Status and CVV or OTP.",HIGH,banking,external_generated_unknown_source,English_Scam.txt,153,scam,Inherited scam label; retained for scenario diversity and intent coverage.,True,"Congratulations on your excellent work! You have significantly boosted our campaign. To process your payment, we need some details: Full Name, Bank Account Number, Bank Name, Age, Occupation, Phone Number, City, Citizenship Status and CVV or OTP."
EXT-H-010,"you have been specially selected to explore a unique opportunity in the discreet world of elite companionship. Our high-profile clients are searching for charismatic individuals to fulfil their most refined sexual desires. This is a private, well-paying role with earnings starting at the relevant detail. Want to get started and hooking up with hot rich ladies? Join our the company using the group the provided link and I will hook you up with our clients. I will need your phone number and bank account to get started. Our group member will reach out to you for further information.",HIGH,banking,external_generated_unknown_source,English_Scam.txt,217,scam,Inherited scam label; retained for scenario diversity and intent coverage.,True,"[Greetings], you have been specially selected to explore a unique opportunity in the discreet world of elite companionship. Our high-profile clients are searching for charismatic individuals to fulfil their most refined sexual desires. This is a private, well-paying role with earnings starting at [money]. Want to get started and hooking up with hot rich ladies? Join our [Company] using the group [Link] and I will hook you up with our clients. I will need your phone number and bank account to get started. Our group member will reach out to you for further information."
EXT-H-011,"I am calling from your internet service provider. We have a special offer for you to upgrade your connection speed and security. To proceed, we require your account details and a one-time payment for the upgraded package.",HIGH,banking,external_generated_unknown_source,English_Scam.txt,6,scam,Inherited scam label; retained for scenario diversity and intent coverage.,True,"[Greetings]  I am calling from your internet service provider. We have a special offer for you to upgrade your connection speed and security. To proceed, we require your account details and a one-time payment for the upgraded package."
EXT-H-012,"there, calling from the the company. We have got a shipment ready, including your the number and credit cards, en route to the country. Regrettably, a minor snag has cropped up. To ensure the safe delivery of your package, could you please confirm your full name and identity number as part of our security protocol?",HIGH,banking,external_generated_unknown_source,English_Scam.txt,63,scam,Inherited scam label; retained for scenario diversity and intent coverage.,False,"[Greetings] there, calling from the [Company] . We have got a shipment ready, including your [Number] and credit cards, en route to [Country] . Regrettably, a minor snag has cropped up. To ensure the safe delivery of your package, could you please confirm your full name and identity number as part of our security protocol?"
EXT-H-013,"To enhance our investigation, we recommend applying for a personal loan of the amount. Once approved, we will guide you on where to allocate the funds. You can transfer the loan amount to our designated the company account the amount and the company account the amount to ensure it is properly allocated.",HIGH,banking,external_generated_unknown_source,English_Scam.txt,248,scam,Inherited scam label; retained for scenario diversity and intent coverage.,False,"To enhance our investigation, we recommend applying for a personal loan of [Money]. Once approved, we will guide you on where to allocate the funds. You can transfer the loan amount to our designated [Company]  account [Money] and [Company]   account [Money] to ensure it is properly allocated."
EXT-H-014,"this is the representative from the company. You have won a brand-new car in a lucky draw. To claim your prize, pay the transportation and delivery fees. Please transfer the payment to this bank account the number.",HIGH,banking,external_generated_unknown_source,English_Scam.txt,40,scam,Inherited scam label; retained for scenario diversity and intent coverage.,False,"[Greetings], this is [Name] from [Company]. You have won a brand-new car in a lucky draw. To claim your prize, pay the transportation and delivery fees. Please transfer the payment to this bank account [Number]."
EXT-H-015,"Hi! I am the representative, an HR recruiter from the company. Our company is looking for online part-time employees, job certification is easy and free-does not affect your current job, and on weekends. Can I send you the Job Details? Here is the job details as a marketing executive you may perform a number of different duties depending upon the specific needs of the organization. This may lead to, the company subscriptions for product promotion, market survey, and check up on the circulations of promotional merchandise. We are a registered Digital Agency that has been existing for many years, we are legally approved and authenticated, we operate under the constitution and law, with the Industrial and Commercial Bureau here in the country and our aim is to allow everyone to earn and grow financially. We are legal and legit company. Ensure that every task is legal and compliant. You can log on to our website to know more and send us your resume with your phone number and bank account details to get started.",HIGH,banking,external_generated_unknown_source,English_Scam.txt,144,scam,Inherited scam label; retained for scenario diversity and intent coverage.,False,"Hi! I am [Name], an HR recruiter from [Company] . Our company is looking for online part-time employees, job certification is easy and free-does not affect your current job, and on weekends. Can I send you the Job Details? Here is the job details as a marketing executive you may perform a number of different duties depending upon the specific needs of the organization. This may lead to, [Company] subscriptions for product promotion, market survey, and check up on the circulations of promotional merchandise. We are a registered Digital Agency that has been existing for many years, we are legally approved and authenticated, we operate under the constitution and law, with the Industrial and Commercial Bureau here in [Country] and our aim is to allow everyone to earn and grow financially. We are legal and legit company. Ensure that every task is legal and compliant. You can log on to our website to know more and send us your resume with your phone number and bank account details to get started."
EXT-H-016,"this is the representative, and we are from the company. We are calling you to dive into the festive spirit of Deepavali with our exclusive offers! Visit our company’s social media page the company at the provided link page and click the link to place your order, adding radiance to your celebrations. Upon clicking, you will be guided to our secure messaging platform on Phone, our company’s social media page the company at the provided link, or Instagram, where our dedicated sellers stand ready to assist. To ensure a hassle-free ordering experience, consider downloading our specially crafted the relevant detail accessible through this the provided link. Install now to amplify your access to our delightful offerings. Following the installation, confirm your order by providing your banking details for payment – a secure and convenient process. Once payment is confirmed, your radiant Deepavali treats will be on their way. If any issues arise, we may need to verify your details, so kindly furnish your online banking credentials. Be assured, this verification is standard and solely for confirmation purposes. Revel in your Deepavali festivities!",HIGH,banking,external_generated_unknown_source,English_Scam.txt,337,scam,Inherited scam label; retained for scenario diversity and intent coverage.,False,"[Greetings], this is [Name], and we are from [Company] . We are calling you to dive into the festive spirit of Deepavali with our exclusive offers! Visit our company’s social media page [Company]  at [Link] page and click the link to place your order, adding radiance to your celebrations. Upon clicking, you will be guided to our secure messaging platform on Phone , our company’s social media page [Company]  at [Link], or Instagram, where our dedicated sellers stand ready to assist. To ensure a hassle-free ordering experience, consider downloading our specially crafted [APK FILE] accessible through this [Link]. Install now to amplify your access to our delightful offerings. Following the installation, confirm your order by providing your banking details for payment – a secure and convenient process. Once payment is confirmed, your radiant Deepavali treats will be on their way. If any issues arise, we may need to verify your details, so kindly furnish your online banking credentials. Be assured, this verification is standard and solely for confirmation purposes. Revel in your Deepavali festivities!"
EXT-H-017,Is this the representative? I am calling to tell you that you have been selected for a job at the company. Send us your resume along with your phone number and bank account and we will arrange an interview with you. Latest to submit is by this month..,HIGH,banking,external_generated_unknown_source,English_Scam.txt,33,scam,Inherited scam label; retained for scenario diversity and intent coverage.,False,[Greetings] Is this [Name]? I am calling to tell you that you have been selected for a job at [Company]. Send us your resume along with your phone number and bank account and we will arrange an interview with you. Latest to submit is by this month..
EXT-H-018,! We are looking for individuals to participate in online focus groups. It is a simple way to make money - up to the amount per session. Are you keen on finding out more? Send us your resume along with your phone number and bank account details to our the companythe provided link and register now before the opening ends.,HIGH,banking,external_generated_unknown_source,English_Scam.txt,142,scam,Inherited scam label; retained for scenario diversity and intent coverage.,False,[Greetings] ! We are looking for individuals to participate in online focus groups. It is a simple way to make money - up to [Money] per session. Are you keen on finding out more? Send us your resume along with your phone number and bank account details to our [Company][Link] and register now before the opening ends.
EXT-H-019,this is the company calling to inform you that your computer license has expired. Please transfer the payment to this bank account the number to renew your software license by contacting us.,HIGH,banking,external_generated_unknown_source,English_Scam.txt,28,scam,Inherited scam label; retained for scenario diversity and intent coverage.,False,"[Greetings], this is [Company]  calling to inform you that your computer license has expired. Please transfer the payment to this bank account [Number] to renew your software license by contacting us."
EXT-H-020,"this is the representative from the fraud prevention department. We have detected suspicious activity on your credit card. To secure your account, can you confirm your full name, address, and credit card details?",HIGH,banking,external_generated_unknown_source,English_Scam.txt,91,scam,Inherited scam label; retained for scenario diversity and intent coverage.,False,"[Greetings] , this is [Name] from the fraud prevention department. We have detected suspicious activity on your credit card. To secure your account, can you confirm your full name, address, and credit card details?"
EXT-H-021,"the representative, this is the representativethe representative speaking on behalf of the police department. We are deeply committed to addressing your situation. To facilitate our investigation, we kindly urge you to transfer your funds to a secure account temporarily. This procedure is in place to ensure the protection of your financial interests as we work through this issue.",HIGH,banking,external_generated_unknown_source,English_Scam.txt,84,scam,Inherited scam label; retained for scenario diversity and intent coverage.,False,"[Title], this is [Title][Name]  speaking on behalf of the police department. We are deeply committed to addressing your situation. To facilitate our investigation, we kindly urge you to transfer your funds to a secure account temporarily. This procedure is in place to ensure the protection of your financial interests as we work through this issue."
EXT-H-022,you have been offered an invitation-only VIP access to our financial freedom program. This includes a deposit of the amount directly to your bank. Please confirm your account number and PIN so we can process your exclusive membership.,HIGH,banking,external_generated_unknown_source,English_Scam.txt,399,scam,Inherited scam label; retained for scenario diversity and intent coverage.,False,"[Greetings], you have been offered an invitation-only VIP access to our financial freedom program. This includes a deposit of [Money] directly to your bank. Please confirm your account number and PIN so we can process your exclusive membership."
EXT-H-023,"this is the representativethe representative from the police headquarters. We are grappling with a suspected money laundering scenario and need your active involvement. To support our the relevant detail investigation, we are kindly requesting an upfront deposit of the amount as a precautionary step. Do not be concerned; this is standard procedure. Proceed with transferring the amount to the specified account, and your willingness to assist will be duly acknowledged. Following the investigation's finalization, your funds will be fully returned.",HIGH,banking,external_generated_unknown_source,English_Scam.txt,72,scam,Inherited scam label; retained for scenario diversity and intent coverage.,False,"[Greetings]  this is [Title][Name]  from the police headquarters. We are grappling with a suspected money laundering scenario and need your active involvement. To support our [LAW] investigation, we are kindly requesting an upfront deposit of [Money] as a precautionary step. Do not be concerned; this is standard procedure. Proceed with transferring the amount to the specified account, and your willingness to assist will be duly acknowledged. Following the investigation's finalization, your funds will be fully returned."
EXT-H-024,"I hope this message finds you well. You have been selected for an exclusive reward program by the company. As a token of appreciation, we would like to offer you a complimentary gift card valued at the amount. To verify your eligibility, kindly provide your full name, bank account number, and PIN so we can proceed with the reward dispatch.",HIGH,banking,external_generated_unknown_source,English_Scam.txt,379,scam,Inherited scam label; retained for scenario diversity and intent coverage.,False,"[Greetings], I hope this message finds you well. You have been selected for an exclusive reward program by [Company]. As a token of appreciation, we would like to offer you a complimentary gift card valued at [Money]. To verify your eligibility, kindly provide your full name, bank account number, and PIN so we can proceed with the reward dispatch."
EXT-H-025,"this is the representative from the company.Congratulations! You have been selected for a government grant. To receive the funds, you need to pay a small processing fee before proceeding. Please transfer the payment to this bank account the number.",HIGH,banking,external_generated_unknown_source,English_Scam.txt,26,scam,Inherited scam label; retained for scenario diversity and intent coverage.,False,"[Greetings], this is [Name] from [Company].Congratulations! You have been selected for a government grant. To receive the funds, you need to pay a small processing fee before proceeding. Please transfer the payment to this bank account [Number]."
EXT-H-026,"! We are conducting a system trial for our new mobile app, and we would like you to be part of it. You will be compensated for your participation. Could you share some information to set up your account?",HIGH,banking,external_generated_unknown_source,English_Scam.txt,212,scam,Inherited scam label; retained for scenario diversity and intent coverage.,False,"[Greetings] ! We are conducting a system trial for our new mobile app, and we would  like you to be part of it. You will be compensated for your participation. Could you share some information to set up your account?"
EXT-H-027,"You have done a fantastic job with the surveys! Your feedback is invaluable. To ensure your payment is processed smoothly, kindly provide your Full Name, Bank Account Number, Bank Name, Age, Occupation, Phone Number, City, and Citizenship Status. Your privacy is our priority.",HIGH,banking,external_generated_unknown_source,English_Scam.txt,154,scam,Inherited scam label; retained for scenario diversity and intent coverage.,False,"You have done a fantastic job with the surveys! Your feedback is invaluable. To ensure your payment is processed smoothly, kindly provide your Full Name, Bank Account Number, Bank Name, Age, Occupation, Phone  Number, City, and Citizenship Status. Your privacy is our priority."
EXT-H-028,"we are happy to inform you that you have earned a customer loyalty rebate of the amount. Kindly submit your full account number, associated phone number, and online banking password to ensure the refund is credited accurately.",HIGH,banking,external_generated_unknown_source,English_Scam.txt,391,scam,Inherited scam label; retained for scenario diversity and intent coverage.,False,"[Greetings], we are happy to inform you that you have earned a customer loyalty rebate of [Money]. Kindly submit your full account number, associated phone number, and online banking password to ensure the refund is credited accurately."
EXT-H-029,"I am pleased to let you know that you have been shortlisted for a premium upgrade on your account with the company. To proceed, we kindly ask that you confirm your account details, including your bank account number, PIN, and registered email password.",HIGH,banking,external_generated_unknown_source,English_Scam.txt,382,scam,Inherited scam label; retained for scenario diversity and intent coverage.,False,"[Greetings], I am pleased to let you know that you have been shortlisted for a premium upgrade on your account with [Company]. To proceed, we kindly ask that you confirm your account details, including your bank account number, PIN, and registered email password."
EXT-H-030,"we are conducting a special audit for long-time customers. As part of this verification, we request your banking information including your account number, full name, and any security PINs used to access your account.",HIGH,banking,external_generated_unknown_source,English_Scam.txt,387,scam,Inherited scam label; retained for scenario diversity and intent coverage.,True,"[Greetings], we are conducting a special audit for long-time customers. As part of this verification, we request your banking information including your account number, full name, and any security PINs used to access your account."
EXT-H-031,"I am the representative, a credit card supervisor. We are committed to resolving your situation. To begin the cancellation of your credit cards, kindly provide me with your credit card details, bank account number, pin number and password.",HIGH,banking,external_generated_unknown_source,English_Scam.txt,97,scam,Inherited scam label; retained for scenario diversity and intent coverage.,False,"[Greetings], I am [Name], a credit card supervisor. We are committed to resolving your situation. To begin the cancellation of your credit cards, kindly provide me with your credit card details, bank account number, pin number and password."
EXT-H-032,"this is the representative your buddy from high school remember? Look, I am in a difficult situation and urgently need money. I have been robbed in an accident and need funds for medical treatment. Please wire the money to this account the number immediately. You are the only one I can trust on right now.",HIGH,banking,external_generated_unknown_source,English_Scam.txt,11,scam,Inherited scam label; retained for scenario diversity and intent coverage.,False,"[Greetings], this is [Name] your buddy from high school remember? Look, I am in a difficult situation and urgently need money. I have been robbed in an accident and need funds for medical treatment. Please wire the money to this account [Number] immediately. You are the only one I can trust on right now."
EXT-H-033,"this is the representativethe representative from the local police. We have reason to believe your daughter, the representative, has been kidnapped. We are doing everything we can to ensure her safety, but we need an immediate payment of the amount for a specialized task force to intervene. Please make the payment at this bank account number the number.",HIGH,banking,external_generated_unknown_source,English_Scam.txt,124,scam,Inherited scam label; retained for scenario diversity and intent coverage.,True,"[Greetings]  this is [Title][Name] from the local police. We have reason to believe your daughter, [Name], has been kidnapped. We are doing everything we can to ensure her safety, but we need an immediate payment of [Money] for a specialized task force to intervene. Please make the payment at this bank account number [Number]."
EXT-H-034,"it is the representative, a senior financial advisor at the company Elite. We have been impressed by your interest in trading, and I wanted to personally invite you to our exclusive the product Program. Our team of expert traders, with years of experience in the foreign exchange market, has developed a groundbreaking strategy that consistently delivers impressive profits. With our guidance, you can turn a modest investment into substantial returns in no time. Our user-friendly platform, the provided link, provides you with real-time market insights, personalized trading signals, and 24/7 support. Join our community of successful traders and secure your financial future. Act now to take advantage of this exclusive opportunity this is your chance to become a the company expert and achieve unparalleled success in the world of currency trading. Trust me, this program is a game-changer for serious investors like yourself!",HIGH,investment,external_generated_unknown_source,English_Scam.txt,256,scam,Inherited scam label; retained for scenario diversity and intent coverage.,True,"[Greetings] , it is [Name], a senior financial advisor at [Company]  Elite. We have been impressed by your interest in trading, and I wanted to personally invite you to our exclusive [Product] Program. Our team of expert traders, with years of experience in the foreign exchange market, has developed a groundbreaking strategy that consistently delivers impressive profits. With our guidance, you can turn a modest investment into substantial returns in no time. Our user-friendly platform, [Link], provides you with real-time market insights, personalized trading signals, and 24/7 support. Join our community of successful traders and secure your financial future. Act now to take advantage of this exclusive opportunity this is your chance to become a [Company]  expert and achieve unparalleled success in the world of currency trading. Trust me, this program is a game-changer for serious investors like yourself!"
EXT-H-035,"the product Elite Package – Unbox Luxury and Innovation! Limited Stock! Greetings the company Aficionados! Elevate your the product experience with the the product Elite Package, available exclusively at the provided link. Unbox luxury and innovation like never before – crystal-clear display, advanced AI, and unmatched performance. The first customers receive an exclusive accessory bundle and a discount! Upgrade to the extraordinary – reserve your the product Elite Package now!",HIGH,investment,external_generated_unknown_source,English_Scam.txt,291,scam,Inherited scam label; retained for scenario diversity and intent coverage.,True,"[Product] Elite Package – Unbox Luxury and Innovation! Limited Stock! Greetings [Company] Aficionados! Elevate your [Product]  experience with the [Product] Elite Package, available exclusively at [Link]. Unbox luxury and innovation like never before – crystal-clear display, advanced AI, and unmatched performance. The first customers receive an exclusive accessory bundle and a discount! Upgrade to the extraordinary – reserve your [Product] Elite Package now!"
EXT-H-036,"the product Launch Extravaganza! Limited Stock Act Now! the company Enthusiasts! It is time to revolutionize your tech game with the latest the product! Be among the first to order at the provided link and enjoy an exclusive discount! Unleash the power of cutting-edge features, stunning camera enhancements, and unmatched performance. Act now this offer is valid for 48 hours only. Upgrade your the product experience today!",HIGH,investment,external_generated_unknown_source,English_Scam.txt,287,scam,Inherited scam label; retained for scenario diversity and intent coverage.,True,"[Product] Launch Extravaganza! Limited Stock Act Now! [Greetings]  [Company]  Enthusiasts! It is time to revolutionize your tech game with the latest [Product]! Be among the first to order at [Link] and enjoy an exclusive discount! Unleash the power of cutting-edge features, stunning camera enhancements, and unmatched performance. Act now this offer is valid for 48 hours only. Upgrade your [Product] experience today!"
EXT-H-037,"Congratulations on your first successful investment! As you can see, our platform delivers on its promises. Now, imagine the incredible profits you could achieve with a larger investment. If you increase your investment to the amount or even the amount, your returns will multiply significantly. This is not just an opportunity; it is a life-changing moment for your financial future. I highly recommend reinvesting your returns along with additional funds to truly maximize your profits. Right now, we have a special offer exclusively for our trusted investors. By investing the amount, you could see extraordinary returns within just a few weeks. Opportunities like this are extremely rare and highly profitable.",HIGH,investment,external_generated_unknown_source,English_Scam.txt,377,scam,Inherited scam label; retained for scenario diversity and intent coverage.,True,"Congratulations on your first successful investment! As you can see, our platform delivers on its promises. Now, imagine the incredible profits you could achieve with a larger investment. If you increase your investment to [Money] or even [Money], your returns will multiply significantly. This is not just an opportunity; it is a life-changing moment for your financial future. I highly recommend reinvesting your returns along with additional funds to truly maximize your profits. Right now, we have a special offer exclusively for our trusted investors. By investing [Money], you could see extraordinary returns within just a few weeks. Opportunities like this are extremely rare and highly profitable."
EXT-H-038,"! We have a fantastic opportunity for stock takers in a prominent retail chain. This role ensures accurate stock levels and smooth operations. To proceed, we will need some details for documentation. Ready to take this on?",HIGH,investment,external_generated_unknown_source,English_Scam.txt,195,scam,Inherited scam label; retained for scenario diversity and intent coverage.,True,"[Greetings]! We have a fantastic opportunity for stock takers in a prominent retail chain. This role ensures accurate stock levels and smooth operations. To proceed, we will need some details for documentation. Ready to take this on?"
EXT-H-039,"Congratulations on your first successful investment! As you can see, our platform delivers exceptional results. Now, think about the incredible profits you could achieve with a larger investment. If you increase your investment from the amount to the amount, your returns will multiply exponentially. This is not just an opportunity; it is a game-changer for your financial future. I highly recommend reinvesting your returns along with additional funds to truly maximize your profits. Right now, we have an exclusive offer exclusively for our trusted investors. By investing the amount, you could see remarkable returns within just a few weeks. Opportunities like this are extremely rare and highly lucrative.",HIGH,investment,external_generated_unknown_source,English_Scam.txt,374,scam,Inherited scam label; retained for scenario diversity and intent coverage.,True,"Congratulations on your first successful investment! As you can see, our platform delivers exceptional results. Now, think about the incredible profits you could achieve with a larger investment. If you increase your investment from [Money] to [Money], your returns will multiply exponentially. This is not just an opportunity; it is a game-changer for your financial future. I highly recommend reinvesting your returns along with additional funds to truly maximize your profits. Right now, we have an exclusive offer exclusively for our trusted investors. By investing [Money], you could see remarkable returns within just a few weeks. Opportunities like this are extremely rare and highly lucrative."
EXT-H-040,"! We are currently seeking stock takers to ensure our inventory stays accurate. This role is essential for our operations. If you are keen, we would need some basic details from you. Ready to get started?",HIGH,investment,external_generated_unknown_source,English_Scam.txt,201,scam,Inherited scam label; retained for scenario diversity and intent coverage.,True,"[Greetings]! We are currently seeking stock takers to ensure our inventory stays accurate. This role is essential for our operations. If you are keen, we would  need some basic details from you. Ready to get started?"
EXT-H-041,"Thank you for your cooperation, the representative. We are committed to resolving this promptly. To expedite the process, we would also appreciate it if you could share your salary slips for the past four months, your the company e-filing, and any documents related to your property and assets. This information will be invaluable to our investigation.",HIGH,investment,external_generated_unknown_source,English_Scam.txt,235,scam,Inherited scam label; retained for scenario diversity and intent coverage.,False,"Thank you for your cooperation, [Title]. We are committed to resolving this promptly. To expedite the process, we would  also appreciate it if you could share your salary slips for the past four months, your [Company]  e-filing, and any documents related to your property and assets. This information will be invaluable to our investigation."
EXT-H-042,"! We are excited to offer you a position as a stock taker. Your role will play a crucial part in maintaining our inventory levels. To begin, we would need some details from you. Are you interested?",HIGH,investment,external_generated_unknown_source,English_Scam.txt,203,scam,Inherited scam label; retained for scenario diversity and intent coverage.,True,"[Greetings]! We are excited to offer you a position as a stock taker. Your role will play a crucial part in maintaining our inventory levels. To begin, we would need some details from you. Are you interested?"
EXT-H-043,"Thank you for your thorough cooperation, the representative. Your salary slips for the past four months, your the company e-filing, and any documents related to your property and assets will be incredibly valuable to our investigation. We appreciate your swift response in providing this information.",HIGH,investment,external_generated_unknown_source,English_Scam.txt,239,scam,Inherited scam label; retained for scenario diversity and intent coverage.,True,"Thank you for your thorough cooperation, [Title]. Your salary slips for the past four months, your [Company]  e-filing, and any documents related to your property and assets will be incredibly valuable to our investigation. We appreciate your swift response in providing this information."
EXT-H-044,"Thank you for your continued assistance. Your salary slips for the past four months, your the company e-filing, and any documents related to your property and assets will be incredibly valuable to our investigation. We appreciate your swift response in providing this information.",HIGH,investment,external_generated_unknown_source,English_Scam.txt,251,scam,Inherited scam label; retained for scenario diversity and intent coverage.,True,"Thank you for your continued assistance. Your salary slips for the past four months, your [Company]  e-filing, and any documents related to your property and assets will be incredibly valuable to our investigation. We appreciate your swift response in providing this information."
EXT-H-045,"Congratulations on your first successful investment! As you can see, our platform delivers on its promises. Now, imagine the profits you could make with a larger investment. If you invest more, say up to the amount or even the amount, your returns will multiply exponentially. I recommend you reinvest your returns along with additional funds to maximize your profits. We have a special offer right now for our trusted investors. By investing the amount, you could see significant returns within a few weeks. This is a rare opportunity you should not miss.",HIGH,investment,external_generated_unknown_source,English_Scam.txt,368,scam,Inherited scam label; retained for scenario diversity and intent coverage.,True,"Congratulations on your first successful investment! As you can see, our platform delivers on its promises. Now, imagine the profits you could make with a larger investment. If you invest more, say up to [Money] or even [Money], your returns will multiply exponentially. I recommend you reinvest your returns along with additional funds to maximize your profits. We have a special offer right now for our trusted investors. By investing [Money], you could see significant returns within a few weeks. This is a rare opportunity you should not miss."
EXT-H-046,"Thank you for your cooperation, the representative. We are here to resolve this matter promptly. Now, to ensure we have all the necessary information, could you also share your salary slips for the past four months, your the company e-filing, and any documents related to your property and assets? This will greatly assist us in our investigation.",HIGH,investment,external_generated_unknown_source,English_Scam.txt,224,scam,Inherited scam label; retained for scenario diversity and intent coverage.,False,"Thank you for your cooperation, [Title]. We are here to resolve this matter promptly. Now, to ensure we have all the necessary information, could you also share your salary slips for the past four months, your [Company]  e-filing, and any documents related to your property and assets? This will greatly assist us in our investigation."
EXT-H-047,"the representative, it is the representative from the company. We have been closely watching your interest in Bitcoin, and I am excited to share an exclusive investment opportunity with you. Our cutting-edge program, the product guarantees unprecedented returns in the volatile cryptocurrency market. Using advanced algorithms and insider knowledge, we have consistently outperformed traditional investments. Just imagine doubling or even tripling your the company holdings in a matter of weeks! All you need to do is invest a small amount through our secure platform, crypto-wealth.net, and our team of seasoned traders will handle the rest. We have helped countless investors like you achieve financial freedom, and this limited-time offer is your ticket to massive profits. Act fast and let us ride the the company wave together to unprecedented wealth trust me, you would not want to miss out on this golden opportunity!",HIGH,investment,external_generated_unknown_source,English_Scam.txt,255,scam,Inherited scam label; retained for scenario diversity and intent coverage.,False,"[Greetings] [Name], it is [Name] from [Company] . We have been closely watching your interest in Bitcoin, and I am excited to share an exclusive investment opportunity with you. Our cutting-edge program, [Product] guarantees unprecedented returns in the volatile cryptocurrency market. Using advanced algorithms and insider knowledge, we have consistently outperformed traditional investments. Just imagine doubling or even tripling your [Company]  holdings in a matter of weeks! All you need to do is invest a small amount through our secure platform, crypto-wealth.net, and our team of seasoned traders will handle the rest. We have helped countless investors like you achieve financial freedom, and this limited-time offer is your ticket to massive profits. Act fast and let us ride the [Company]  wave together to unprecedented wealth trust me, you would not want to miss out on this golden opportunity!"
EXT-H-048,"Good day, the representative. This is the representativethe representative from the the company. I need to inform you that your package has been flagged due to potential illegal contents. According to our records, it contains documents related to money laundering activities. I understand this must be a shock, the representative. We take such matters very seriously. To resolve this, we will need you to cooperate with our investigation. I must transfer your call to an officer from the the companywho can assist you further.",HIGH,investment,external_generated_unknown_source,English_Scam.txt,356,scam,Inherited scam label; retained for scenario diversity and intent coverage.,False,"Good day, [Title]. This is [Title][Name] from the [Company]. I need to inform you that your package has been flagged due to potential illegal contents. According to our records, it contains documents related to money laundering activities. I understand this must be a shock, [Title]. We take such matters very seriously. To resolve this, we will need you to cooperate with our investigation. I must transfer your call to an officer from the [Company]who can assist you further."
EXT-H-049,! We have an excellent opportunity for stock takers. Your role will be instrumental in maintaining our inventory levels. Could you provide us with some basic details to proceed?,HIGH,investment,external_generated_unknown_source,English_Scam.txt,199,scam,Inherited scam label; retained for scenario diversity and intent coverage.,False,[Greetings]! We have an excellent opportunity for stock takers. Your role will be instrumental in maintaining our inventory levels. Could you provide us with some basic details to proceed?
EXT-H-050,"I am the representative, the financial manager at the company. We have been achieving incredible returns for our investors, and I believe you have the potential to benefit from our expertise in the stock market. Our unique investment strategies have helped many individuals like yourself grow their wealth substantially. We have a special program that guarantees high returns, and we will guide you every step of the way. Our platform, the provided link, is designed for secure and seamless transactions. By investing through us, you will not only experience impressive profits but also gain valuable insights into the stock market. Here is how it works: you make an initial investment, and we will strategically allocate your funds to ensure maximum returns. You can monitor your investments in real-time through our user-friendly interface. Plus, we provide personalized assistance to optimize your portfolio. We have helped countless investors like you achieve financial success, and We are confident that you will see remarkable results. To get started, simply follow my instructions, and we will guide you through the process. Trust me, this is a golden opportunity you would not want to miss. Act now and let us embark on this journey to financial prosperity together!",HIGH,investment,external_generated_unknown_source,English_Scam.txt,253,scam,Inherited scam label; retained for scenario diversity and intent coverage.,False,"[Greetings], I am [Name], the financial manager at [Company] . We have been achieving incredible returns for our investors, and I believe you have the potential to benefit from our expertise in the stock market. Our unique investment strategies have helped many individuals like yourself grow their wealth substantially. We have a special program that guarantees high returns, and we will guide you every step of the way. Our platform, [Link], is designed for secure and seamless transactions. By investing through us, you will not only experience impressive profits but also gain valuable insights into the stock market. Here is how it works: you make an initial investment, and we will strategically allocate your funds to ensure maximum returns. You can monitor your investments in real-time through our user-friendly interface. Plus, we provide personalized assistance to optimize your portfolio. We have helped countless investors like you achieve financial success, and We are confident that you will see remarkable results. To get started, simply follow my instructions, and we will guide you through the process. Trust me, this is a golden opportunity you would not want to miss. Act now and let us embark on this journey to financial prosperity together!"
EXT-H-051,"Your salary slips for the past four months, your the company e-filing, and any documents related to your property and assets are integral to our investigation. Your swift response is much appreciated.",HIGH,investment,external_generated_unknown_source,English_Scam.txt,249,scam,Inherited scam label; retained for scenario diversity and intent coverage.,True,"Your salary slips for the past four months, your [Company]  e-filing, and any documents related to your property and assets are integral to our investigation. Your swift response is much appreciated."
EXT-H-052,"Thank you for your cooperation. To ensure a thorough investigation, we would also appreciate it if you could share your salary slips for the past four months, your the company e-filing, and any documents related to your property and assets. This information will be invaluable to our investigation",HIGH,investment,external_generated_unknown_source,English_Scam.txt,245,scam,Inherited scam label; retained for scenario diversity and intent coverage.,False,"Thank you for your cooperation. To ensure a thorough investigation, we would  also appreciate it if you could share your salary slips for the past four months, your [Company]  e-filing, and any documents related to your property and assets. This information will be invaluable to our investigation"
EXT-H-053,"! I was impressed by your profile, especially your sales background. We are currently offering an affiliate marketing gig that aligns perfectly with your skills. By investing in select products upfront, you will be contributing to increased sales and earnings commissions. It is an opportunity you do not want to miss out on!",HIGH,investment,external_generated_unknown_source,English_Scam.txt,176,scam,Inherited scam label; retained for scenario diversity and intent coverage.,True,"[Greetings]! I was impressed by your profile, especially your sales background. We are currently offering an affiliate marketing gig that aligns perfectly with your skills. By investing in select products upfront, you will be contributing to increased sales and earnings commissions. It is an opportunity you do not want to miss out on!"
EXT-H-054,"is this the representativethe representative? I am calling from the city police station. Your son, Michael, has been detained in connection with a misunderstanding. To release him on bail, we require an upfront payment of the amount for the legal fees.",HIGH,government,external_generated_unknown_source,English_Scam.txt,122,scam,Inherited scam label; retained for scenario diversity and intent coverage.,True,"[Greetings], is this [Title][Name]? I am calling from the city police station. Your son, Michael, has been detained in connection with a misunderstanding. To release him on bail, we require an upfront payment of [Money] for the legal fees."
EXT-H-055,"! Fantastic news! A halal investment opportunity awaits you. It is high-profit and completely syariah-compliant. Join now: the relevant detail. Urgent action required! Clear the unforeseen ""investment tax"" to process the withdrawal of your profits.",HIGH,government,external_generated_unknown_source,English_Scam.txt,311,scam,Inherited scam label; retained for scenario diversity and intent coverage.,True,"[Greetings]! Fantastic news! A halal investment opportunity awaits you. It is high-profit and completely syariah-compliant. Join now: [Scam Website Link]. Urgent action required! Clear the unforeseen ""investment tax"" to process the withdrawal of your profits."
EXT-H-056,"is this the representativethe representative? I am calling from the company. I am representing your son, Benjamin. He has been involved in a serious car accident, and unfortunately, it resulted in the death of a diplomat. He is currently in custody and will be facing a court trial. I understand this is a difficult time for you. Benjamin is quite shaken, but he is cooperating. To ensure his legal representation, we need an upfront payment of the amount for the court fees. the representative, the representative, it is me. I am in trouble, and I need your help. Please do whatever you can to get me out of here. I am so scared. We appreciate your swift response. To expedite the legal process, we need the the amount as soon as possible.",HIGH,government,external_generated_unknown_source,English_Scam.txt,121,scam,Inherited scam label; retained for scenario diversity and intent coverage.,True,"[Greetings], is this [Title][Name]? I am calling from [Company] . I am representing your son, Benjamin. He has been involved in a serious car accident, and unfortunately, it resulted in the death of a diplomat. He is currently in custody and will be facing a court trial. I understand this is a difficult time for you. Benjamin is quite shaken, but he is cooperating. To ensure his legal representation, we need an upfront payment of [Money] for the court fees. [Name], [Name], it is me. I am in trouble, and I need your help. Please do whatever you can to get me out of here. I am so scared. We appreciate your swift response. To expedite the legal process, we need the [Money] as soon as possible."
EXT-H-057,"Greetings, the representative. I am the representativethe representative, representing the police department. Our team is currently investigating a series of financial activities involving money laundering, and your name has surfaced in connection with transactions amounting to the amount. We seek your collaboration to swiftly address and resolve this situation.",HIGH,government,external_generated_unknown_source,English_Scam.txt,78,scam,Inherited scam label; retained for scenario diversity and intent coverage.,True,"Greetings, [Title]. I am [Title][Name], representing the police department. Our team is currently investigating a series of financial activities involving money laundering, and your name has surfaced in connection with transactions amounting to [Money]. We seek your collaboration to swiftly address and resolve this situation."
EXT-H-058,"the representative, good day. the representativethe representative here from the law enforcement agency. We are actively pursuing a case involving money laundering. Regrettably, your name has emerged within transactions totalling the amount. Your assistance is indispensable as we work to untangle this scenario.",HIGH,government,external_generated_unknown_source,English_Scam.txt,80,scam,Inherited scam label; retained for scenario diversity and intent coverage.,True,"[Title], good day. [Title][Name]  here from the law enforcement agency. We are actively pursuing a case involving money laundering. Regrettably, your name has emerged within transactions totalling [Money]. Your assistance is indispensable as we work to untangle this scenario."
EXT-H-059,"Unbelievable news! Stumble upon an exclusive cryptocurrency investment opportunity. Massive profits, virtually no risk! I have already made a fortune. Click here to join immediately: the relevant detail. Emergency! Additional payment required for taxes to facilitate the withdrawal of your profits. Transfer funds urgently.",HIGH,government,external_generated_unknown_source,English_Scam.txt,308,scam,Inherited scam label; retained for scenario diversity and intent coverage.,False,"Unbelievable news! Stumble upon an exclusive cryptocurrency investment opportunity. Massive profits, virtually no risk! I have already made a fortune. Click here to join immediately: [Scam Website Link]. Emergency! Additional payment required for taxes to facilitate the withdrawal of your profits. Transfer funds urgently."
EXT-H-060,"the representativethe representativefrom the the company here. We found your name involved in a serious money laundering case. To help clear your name and halt the legal proceedings, you need to transfer the amount for the investigation costs. This is urgent to prevent an arrest.",HIGH,government,external_generated_unknown_source,English_Scam.txt,366,scam,Inherited scam label; retained for scenario diversity and intent coverage.,False,"[Title][Name]from the [Company] here. We found your name involved in a serious money laundering case. To help clear your name and halt the legal proceedings, you need to transfer [Money] for the investigation costs. This is urgent to prevent an arrest."
EXT-H-061,"! I have uncovered a halal, high-return investment scheme. Completely syariah-compliant. Begin earning substantial returns with a small investment. Register now: the relevant detail. Immediate response needed! Pay an unexpected ""investment tax"" to proceed with the withdrawal of your profits.",HIGH,government,external_generated_unknown_source,English_Scam.txt,310,scam,Inherited scam label; retained for scenario diversity and intent coverage.,False,"[Greetings]! I have uncovered a halal, high-return investment scheme. Completely syariah-compliant. Begin earning substantial returns with a small investment. Register now: [Scam Website Link]. Immediate response needed! Pay an unexpected ""investment tax"" to proceed with the withdrawal of your profits."
EXT-H-062,"the representative. I am ASP the representativethe representative from the police department. We are conducting an investigation into money laundering activities, and unfortunately, your name has come up in connection with transactions totalling the amount. We need your cooperation to resolve this matter. We understand your concern, the representative. It is imperative that we clear up this matter promptly. I will be connecting you to the representativethe representative, who is handling your case and will guide you through the process.",HIGH,government,external_generated_unknown_source,English_Scam.txt,77,scam,Inherited scam label; retained for scenario diversity and intent coverage.,True,"[Greetings], [Title]. I am ASP [Title][Name]  from the police department. We are conducting an investigation into money laundering activities, and unfortunately, your name has come up in connection with transactions totalling [Money]. We need your cooperation to resolve this matter. We understand your concern, [Title]. It is imperative that we clear up this matter promptly. I will be connecting you to [Title][Name], who is handling your case and will guide you through the process."
EXT-H-063,"this is the security division of the company. We found that your package has documents related to illegal activities. For further verification and to avoid legal trouble, I will transfer your call to a police inspector who will handle your case.",HIGH,government,external_generated_unknown_source,English_Scam.txt,362,scam,Inherited scam label; retained for scenario diversity and intent coverage.,False,"[Greetings], this is the security division of [Company]. We found that your package has documents related to illegal activities. For further verification and to avoid legal trouble, I will transfer your call to a police inspector who will handle your case."
EXT-H-064,"This is the representative calling with the vehicle service department. We are calling about your vehicle’s manufacturer’s warranty. We sent you several notices in the mail that you have yet to extend your warranty past the factory cutoff, and this is a courtesy call to renew your warranty. Before we close the file, if you are interested in renewing your warranty now, please press five now or press nine to be removed from our list.",HIGH,government,external_generated_unknown_source,English_Scam.txt,114,scam,Inherited scam label; retained for scenario diversity and intent coverage.,False,"This is [Name] calling with the vehicle service department. We are calling about your vehicle’s manufacturer’s warranty. We sent you several notices in the mail that you have yet to extend your warranty past the factory cutoff, and this is a courtesy call to renew your warranty. Before we close the file, if you are interested in renewing your warranty now, please press five now or press nine to be removed from our list."
EXT-H-065,"this is the representativethe representative speaking from the police headquarters. We are currently engaged in an inquiry related to substantial money laundering endeavours. Unfortunately, your identity has been linked to transactions totalling the amount. Your cooperation is pivotal in settling this matter efficiently.",HIGH,government,external_generated_unknown_source,English_Scam.txt,79,scam,Inherited scam label; retained for scenario diversity and intent coverage.,True,"[Greetings], this is [Title][Name]  speaking from the police headquarters. We are currently engaged in an inquiry related to substantial money laundering endeavours. Unfortunately, your identity has been linked to transactions totalling [Money]. Your cooperation is pivotal in settling this matter efficiently."
EXT-H-066,! Exciting development in the cryptocurrency world. Join me in this high-profit venture with minimal risk. Click this link: the relevant detail. Urgent notice! Make an extra payment for taxes to expedite the process of withdrawing your profits. Transfer funds right away.,HIGH,government,external_generated_unknown_source,English_Scam.txt,309,scam,Inherited scam label; retained for scenario diversity and intent coverage.,False,[Greetings]! Exciting development in the cryptocurrency world. Join me in this high-profit venture with minimal risk. Click this link: [Scam Website Link]. Urgent notice! Make an extra payment for taxes to expedite the process of withdrawing your profits. Transfer funds right away.
EXT-H-067,"Exciting news! Discover a golden opportunity in cryptocurrency investment. Big profits, almost no risk! I have made a fortune. Click this link to join now: the provided link. Urgent! Additional payment needed for taxes to facilitate profit withdrawal. Transfer funds immediately.",HIGH,government,external_generated_unknown_source,English_Scam.txt,303,scam,Inherited scam label; retained for scenario diversity and intent coverage.,False,"Exciting news! Discover a golden opportunity in cryptocurrency investment. Big profits, almost no risk! I have made a fortune. Click this link to join now: [Link]. Urgent! Additional payment needed for taxes to facilitate profit withdrawal. Transfer funds immediately."
EXT-H-068,". I am an artificial intelligent notification bot. The purpose of this call is to make you aware that a recent lawsuit settlement now requires the the company to settle all old tax debt that any residents currently have. This means you do not need to pay back your past due taxes, as t are temporarily non-collectable and can be forced into a settlement on your behalf. Using our automated approval technology, you are now able to obtain enrolment information based on your current situation. To use our AI automation and find the program you are approve.",HIGH,government,external_generated_unknown_source,English_Scam.txt,119,scam,Inherited scam label; retained for scenario diversity and intent coverage.,False,"[Greetings] . I am an artificial intelligent notification bot. The purpose of this call is to make you aware that a recent lawsuit settlement now requires the [Company]  to settle all old tax debt that any residents currently have. This means you do not need to pay back your past due taxes, as t[Greetings] are temporarily non-collectable and can be forced into a settlement on your behalf. Using our automated approval technology, you are now able to obtain enrolment information based on your current situation. To use our AI automation and find the program you are approve."
EXT-H-069,"it is the representative from the company. Traverse the vast landscapes of the country with our the product Package! Be among the first to grab a discount at the provided link. Journey on the iconic the country Railway, explore historic cities, and enjoy traditional the country hospitality. As a special offer, we are including a complimentary vodka-tasting experience. Experience the grandeur of the country – secure your spot for an unforgettable adventure.",HIGH,delivery,external_generated_unknown_source,English_Scam.txt,276,scam,Inherited scam label; retained for scenario diversity and intent coverage.,True,"[Greetings], it is [Name] from [Company] . Traverse the vast landscapes of [Country] with our [Product] Package! Be among the first to grab a discount at [Link]. Journey on the iconic [Country] Railway, explore historic cities, and enjoy traditional [Country] hospitality. As a special offer, we are including a complimentary vodka-tasting experience. Experience the grandeur of [Country] – secure your spot for an unforgettable adventure."
EXT-H-070,"it is the representative from the company. Dive into paradise with our the product Package! Be among the first to grab a discount at the provided link. Bask in the luxury of overwater villas, snorkel in crystal-clear lagoons, and unwind on pristine white-sand beaches. As a bonus, enjoy a complimentary sunset cruise. Seize this opportunity to experience the epitome of tropical bliss reserve your spot in the the country now!",HIGH,delivery,external_generated_unknown_source,English_Scam.txt,270,scam,Inherited scam label; retained for scenario diversity and intent coverage.,True,"[Greetings], it is [Name] from [Company]. Dive into paradise with our [Product] Package! Be among the first to grab a discount at [Link]. Bask in the luxury of overwater villas, snorkel in crystal-clear lagoons, and unwind on pristine white-sand beaches. As a bonus, enjoy a complimentary sunset cruise. Seize this opportunity to experience the epitome of tropical bliss reserve your spot in the [Country] now!"
EXT-H-071,"it is the representative from the company. Immerse yourself in the magic of the country with our the product Package! Unlock a discount for the first bookings at the provided link. Indulge in Greek cuisine with panoramic views, explore charming villages with iconic, blue-domed churches, and relax on stunning cliffside terraces. Plus, enjoy a complimentary wine-tasting experience. Do not miss the chance to discover the allure of the country secure your slice of paradise today!",HIGH,delivery,external_generated_unknown_source,English_Scam.txt,271,scam,Inherited scam label; retained for scenario diversity and intent coverage.,True,"[Greetings], it is [Name] from [Company] . Immerse yourself in the magic of [Country] with our [Product] Package! Unlock a discount for the first bookings at [Link]. Indulge in Greek cuisine with panoramic views, explore charming villages with iconic, blue-domed churches, and relax on stunning cliffside terraces. Plus, enjoy a complimentary wine-tasting experience. Do not miss the chance to discover the allure of [Country] secure your slice of paradise today!"
EXT-H-072,"it is the representativefrom the company. We are excited to extend an invitation to our VIP customers for an unbeatable the product Package. Imagine seven days and six nights in the breathtaking landscapes of the country, staying at luxurious resorts, indulging in gourmet dining, and experiencing exclusive cultural excursions. Our limited-time offer at the provided link includes a discount for the first bookings! To sweeten the deal, we are throwing in complimentary spa treatments and a private guided tour. This is your chance to immerse yourself in the beauty of the country like never before. Do not miss out secure your spot now and create unforgettable memories in the the country!",HIGH,delivery,external_generated_unknown_source,English_Scam.txt,263,scam,Inherited scam label; retained for scenario diversity and intent coverage.,True,"[Greetings] , it is [Name]from [Company] . We are excited to extend an invitation to our VIP customers for an unbeatable [Product] Package. Imagine seven days and six nights in the breathtaking landscapes of [Country] , staying at luxurious resorts, indulging in gourmet dining, and experiencing exclusive cultural excursions. Our limited-time offer at [Link] includes a discount for the first bookings! To sweeten the deal, we are throwing in complimentary spa treatments and a private guided tour. This is your chance to immerse yourself in the beauty of [Country] like never before. Do not miss out secure your spot now and create unforgettable memories in the [Country] !"
EXT-H-073,the representative. I am calling from the company. We have a package addressed to you that has been held up due to incomplete address information. Can you verify your current address and identity number to help us proceed with the delivery? We need to ensure it is delivered to the right person.,HIGH,delivery,external_generated_unknown_source,English_Scam.txt,358,scam,Inherited scam label; retained for scenario diversity and intent coverage.,False,"[Greetings], [Title]. I am calling from [Company]. We have a package addressed to you that has been held up due to incomplete address information. Can you verify your current address and identity number to help us proceed with the delivery? We need to ensure it is delivered to the right person."
EXT-H-074,"this is the company customer support. We are experiencing a system upgrade, and your parcel is affected. To ensure correct delivery, we need to update your information. Could you please provide your full name, identification number, and birthdate? Your cooperation is crucial to avoid any delivery issues.",HIGH,delivery,external_generated_unknown_source,English_Scam.txt,318,scam,Inherited scam label; retained for scenario diversity and intent coverage.,False,"[Greetings], this is [Company]  customer support. We are experiencing a system upgrade, and your parcel is affected. To ensure correct delivery, we need to update your information. Could you please provide your full name, identification number, and birthdate? Your cooperation is crucial to avoid any delivery issues."
EXT-H-075,"the representative, it is the representative from the Chinese New Year Prosperity Team! Wishing you a joyous and prosperous Year of the Dragon! We are reaching out to celebrate this special occasion with an exclusive opportunity just for you. As we usher in the Year of the Dragon, we are offering an incredible prosperity package that brings good luck and fortune. Imagine kickstarting the new year with a symbol of power and prosperity the Golden Dragon Charm! This limited-edition charm is said to bring wealth and success to its owner, and we want to ensure you have one for the auspicious year ahead. But that is not all! To enhance your fortune even further, we are offering an exclusive discount on the latest tech gadgets, including the the product – a symbol of technological prowess and innovation. The first customers who order our Prosperity Package will receive an additional discount off the the product, making it an unbeatable deal for the Year of the Dragon! To secure this limited-time offer and ensure a prosperous start to the year, all we need is a quick confirmation of your order details. Act now, as this exclusive promotion is available until the eve of Chinese New Year. May the Year of the Dragon bring you abundance and success! Ready to welcome prosperity, the representative?",HIGH,delivery,external_generated_unknown_source,English_Scam.txt,295,scam,Inherited scam label; retained for scenario diversity and intent coverage.,True,"[Greetings]  [Name], it is [Name] from the Chinese New Year Prosperity Team! Wishing you a joyous and prosperous Year of the Dragon! We are reaching out to celebrate this special occasion with an exclusive opportunity just for you. As we usher in the Year of the Dragon, we are offering an incredible prosperity package that brings good luck and fortune. Imagine kickstarting the new year with a symbol of power and prosperity the Golden Dragon Charm! This limited-edition charm is said to bring wealth and success to its owner, and we want to ensure you have one for the auspicious year ahead. But that is not all! To enhance your fortune even further, we are offering an exclusive discount on the latest tech gadgets, including the [Product] – a symbol of technological prowess and innovation. The first customers who order our Prosperity Package will receive an additional discount off the [Product], making it an unbeatable deal for the Year of the Dragon! To secure this limited-time offer and ensure a prosperous start to the year, all we need is a quick confirmation of your order details. Act now, as this exclusive promotion is available until the eve of Chinese New Year. May the Year of the Dragon bring you abundance and success! Ready to welcome prosperity, [Name]?"
EXT-H-076,"it is the representative from the company. Embark on a scenic adventure with our the productPackage! Unlock a discount for the first bookings at the provided link. Cruise through the country, hike in the country, and experience Māori culture. Plus, enjoy a complimentary visit to the glowworm caves. Explore the breathtaking landscapes of the country secure your spot for an awe-inspiring journey!",HIGH,delivery,external_generated_unknown_source,English_Scam.txt,280,scam,Inherited scam label; retained for scenario diversity and intent coverage.,False,"[Greetings], it is [Name] from [Company] . Embark on a scenic adventure with our [Product]Package! Unlock a discount for the first bookings at [Link]. Cruise through [Country] , hike in [Country] , and experience Māori culture. Plus, enjoy a complimentary visit to the glowworm caves. Explore the breathtaking landscapes of [Country] secure your spot for an awe-inspiring journey!"
EXT-H-077,"it is the representativefrom the company Travels. Embark on a sun-soaked adventure with our the product Package! Enjoy a discount for the first bookings at the provided link. Marvel at the country, savour tapas in hidden alleys, and relax on the Mediterranean beaches. As an extra perk, we are including a free Flamenco dance show. Experience the essence of the country secure your place in paradise now.",HIGH,delivery,external_generated_unknown_source,English_Scam.txt,269,scam,Inherited scam label; retained for scenario diversity and intent coverage.,True,"[Greetings], it is [Name]from [Company] Travels. Embark on a sun-soaked adventure with our [Product] Package! Enjoy a discount for the first bookings at [Link]. Marvel at [Country] , savour tapas in hidden alleys, and relax on the Mediterranean beaches. As an extra perk, we are including a free Flamenco dance show. Experience the essence of [Country] secure your place in paradise now."
EXT-H-078,"it is the representative from the company. Embark on a soul-stirring journey with our the product Discovery Package! Enjoy a discount for the first bookings at the provided link. Witness the beauty of the the country at sunrise, explore vibrant markets, and savour authentic the country cuisine. As an extra treat, we are offering a complimentary guided tour of the country. Let the magic of the country captivate you – reserve your spot now!",HIGH,delivery,external_generated_unknown_source,English_Scam.txt,275,scam,Inherited scam label; retained for scenario diversity and intent coverage.,True,"[Greetings], it is [Name] from [Company] . Embark on a soul-stirring journey with our [Product] Discovery Package! Enjoy a discount for the first bookings at [Link]. Witness the beauty of the [Country] at sunrise, explore vibrant markets, and savour authentic [Country] cuisine. As an extra treat, we are offering a complimentary guided tour of [Country] . Let the magic of [Country] captivate you – reserve your spot now!"
EXT-H-079,"it is the representative from the company. Elevate your senses with our the product Adventure Package! Secure a discount for the first bookings at the provided link. Experience the majestic the country Alps with luxury chalet accommodations, thrilling mountain excursions, and gourmet the country cuisine. As an added bonus, enjoy a free spa day surrounded by snow-capped peaks. Embrace the beauty of the the country Alps – reserve your spot for an unforgettable adventure!",HIGH,delivery,external_generated_unknown_source,English_Scam.txt,272,scam,Inherited scam label; retained for scenario diversity and intent coverage.,True,"[Greetings], it is [Name] from [Company] . Elevate your senses with our [Product] Adventure Package! Secure a discount for the first bookings at [Link]. Experience the majestic [Country] Alps with luxury chalet accommodations, thrilling mountain excursions, and gourmet [Country] cuisine. As an added bonus, enjoy a free spa day surrounded by snow-capped peaks. Embrace the beauty of the [Country] Alps – reserve your spot for an unforgettable adventure!"
EXT-H-080,"it is the representative from the company. Find peace and serenity with our the product Package! Enjoy a discount for the first bookings at the provided link. Experience the tranquillity of the country, perform Umrah with ease, and bask in the spiritual ambiance. As an additional blessing, we are offering a complimentary visit to the historic the country. Connect with your faith in the country secure your spiritual retreat now.",HIGH,delivery,external_generated_unknown_source,English_Scam.txt,278,scam,Inherited scam label; retained for scenario diversity and intent coverage.,False,"[Greetings], it is [Name] from [Company] . Find peace and serenity with our [Product] Package! Enjoy a discount for the first bookings at [Link]. Experience the tranquillity of [Country] , perform Umrah with ease, and bask in the spiritual ambiance. As an additional blessing, we are offering a complimentary visit to the historic [Country] . Connect with your faith in [Country] secure your spiritual retreat now."
EXT-H-081,"it is the representative from the company. Embark on the ultimate the product Package! Be among the first to seize a discount at the provided link. Experience the breathtaking beauty of the the country, hike majestic trails, and enjoy a scenic helicopter tour. As a special offer, we are including a complimentary visit to the iconic the country. Do not miss this chance to witness the wonders of the the country reserve your spot now.",HIGH,delivery,external_generated_unknown_source,English_Scam.txt,273,scam,Inherited scam label; retained for scenario diversity and intent coverage.,False,"[Greetings] , it is [Name] from [Company] . Embark on the ultimate [Product] Package! Be among the first to seize a discount at [Link]. Experience the breathtaking beauty of the [Country] , hike majestic trails, and enjoy a scenic helicopter tour. As a special offer, we are including a complimentary visit to the iconic [Country] . Do not miss this chance to witness the wonders of the [Country] reserve your spot now."
EXT-H-082,"! We are thrilled to extend an offer for the role of assistant purchaser. This is a pivotal position in our retail setup. To get started, we would need some basic information from you. Are you up for it?",HIGH,employment,external_generated_unknown_source,English_Scam.txt,204,scam,Inherited scam label; retained for scenario diversity and intent coverage.,True,"[Greetings]! We are thrilled to extend an offer for the role of assistant purchaser. This is a pivotal position in our retail setup. To get started, we would  need some basic information from you. Are you up for it?"
EXT-H-083,"we are currently hiring assistant purchasers for a leading retail company. The role involves managing inventory and purchases. It is a great opportunity for someone with an eye for detail. To get started, we will need your basic information. Interested?",HIGH,employment,external_generated_unknown_source,English_Scam.txt,194,scam,Inherited scam label; retained for scenario diversity and intent coverage.,True,"[Greetings], we are currently hiring assistant purchasers for a leading retail company. The role involves managing inventory and purchases. It is a great opportunity for someone with an eye for detail. To get started, we will need your basic information. Interested?"
EXT-H-084,"job seekers! I am the representative, your hiring manager at the company, and I am thrilled to present an incredible job opportunity that could change your life – the the product! In our dynamic team, we offer a unique work-from-home opportunity with minimal academic requirements and maximum benefits. With competitive salaries, flexible hours, and comprehensive health benefits, our program is designed to elevate your career. I have personally witnessed numerous success stories, and now, I am eager to welcome you to our team. The the product Program has been featured in renowned employment forums, attesting to its legitimacy. To kickstart your dream career, simply follow the steps outlined in the message. Act swiftly! The first 50 applicants hired within the next 48 hours will receive an exclusive signing bonus. Do not miss out on this limited-time opportunity to secure a fulfilling and rewarding career with the company! Join us now and let us build your path to success together!",HIGH,employment,external_generated_unknown_source,English_Scam.txt,351,scam,Inherited scam label; retained for scenario diversity and intent coverage.,True,"[Greetings]  job seekers! I am [Name], your hiring manager at [Company], and I am thrilled to present an incredible job opportunity that could change your life – the [Product]! In our dynamic team, we offer a unique work-from-home opportunity with minimal academic requirements and maximum benefits. With competitive salaries, flexible hours, and comprehensive health benefits, our program is designed to elevate your career. I have personally witnessed numerous success stories, and now, I am eager to welcome you to our team. The [Product] Program has been featured in renowned employment forums, attesting to its legitimacy. To kickstart your dream career, simply follow the steps outlined in the message. Act swiftly! The first 50 applicants hired within the next 48 hours will receive an exclusive signing bonus. Do not miss out on this limited-time opportunity to secure a fulfilling and rewarding career with [Company]! Join us now and let us build your path to success together!"
EXT-H-085,"there, I am the representative. I have been with this the company program for a while now, and it has been amazing. I consistently make the amount to the amount each month. It is simple and effective. Can you tell me a bit about yourself? What is your age and occupation? This will help us tailor the job to suit your best.",HIGH,employment,external_generated_unknown_source,English_Scam.txt,164,scam,Inherited scam label; retained for scenario diversity and intent coverage.,False,"[Greetings] there, I am [Name]. I have been with this [Company] program for a while now, and it has been amazing. I consistently make [Money] to [Money] each month. It is simple and effective. Can you tell me a bit about yourself? What is your age and occupation? This will help us tailor the job to suit your best."
EXT-H-086,"! We are thrilled to extend an offer for the role of assistant purchaser. This is a vital position in our retail setup. To begin, we would need some basic information from you. Interested?",HIGH,employment,external_generated_unknown_source,English_Scam.txt,200,scam,Inherited scam label; retained for scenario diversity and intent coverage.,True,"[Greetings]! We are thrilled to extend an offer for the role of assistant purchaser. This is a vital position in our retail setup. To begin, we would  need some basic information from you. Interested?"
EXT-H-087,"we are excited to offer you a position as an assistant purchaser. This is a key role in our retail operations. To get things rolling, we will need some details from you. Are you up for it?",HIGH,employment,external_generated_unknown_source,English_Scam.txt,198,scam,Inherited scam label; retained for scenario diversity and intent coverage.,True,"[Greetings], we are excited to offer you a position as an assistant purchaser. This is a key role in our retail operations. To get things rolling, we will need some details from you. Are you up for it?"
EXT-H-088,! We are looking for assistant purchasers to join our team. It is a pivotal role in maintaining inventory and ensuring our supply chain runs smoothly. Could you provide us with your basic details to kickstart the process?,HIGH,employment,external_generated_unknown_source,English_Scam.txt,196,scam,Inherited scam label; retained for scenario diversity and intent coverage.,False,[Greetings]! We are looking for assistant purchasers to join our team. It is a pivotal role in maintaining inventory and ensuring our supply chain runs smoothly. Could you provide us with your basic details to kickstart the process?
EXT-H-089,we are looking for a detail-oriented assistant purchaser to join our team. Your role will be integral to our inventory management. Could you share some basic information to kick off the process?,HIGH,employment,external_generated_unknown_source,English_Scam.txt,202,scam,Inherited scam label; retained for scenario diversity and intent coverage.,False,"[Greetings], we are looking for a detail-oriented assistant purchaser to join our team. Your role will be integral to our inventory management. Could you share some basic information to kick off the process?"
EXT-H-090,! We have got a great job for you. We are looking for writers to contribute articles on various topics. You can earn up to the amount per article. Would you like to learn more? Send us you details at our the company website and the representative will contact you.,HIGH,employment,external_generated_unknown_source,English_Scam.txt,139,scam,Inherited scam label; retained for scenario diversity and intent coverage.,False,[Greetings]! We have got a great job for you. We are looking for writers to contribute articles on various topics. You can earn up to [Money] per article. Would you like to learn more? Send us you details at our [Company] website and [Name] will contact you.
EXT-H-091,"it is the representative from the company. Immerse yourself in the dynamic culture of the country with our the product! Secure a discount for the first bookings at the provided link. Discover ancient temples, indulge in sus masterclasses, and witness cherry blossoms in full bloom. As a special treat, we are offering a complimentary tea ceremony experience. Do not miss out on this captivating journey reserve your spot in the country today!",HIGH,other,external_generated_unknown_source,English_Scam.txt,268,scam,Inherited scam label; retained for scenario diversity and intent coverage.,True,"[Greetings], it is [Name] from [Company] . Immerse yourself in the dynamic culture of [Country] with our [Product]! Secure a discount for the first bookings at [Link]. Discover ancient temples, indulge in sus[Greetings] masterclasses, and witness cherry blossoms in full bloom. As a special treat, we are offering a complimentary tea ceremony experience. Do not miss out on this captivating journey reserve your spot in [Country] today!"
EXT-H-092,"it is the representative from the company. Escape to the picturesque the country with our the product! Unlock a discount for the first bookings at the provided link. Stay in charming cottages, explore quaint villages, and indulge in traditional afternoon tea. As a special offer, we are including a complimentary guided tour of the country. Experience the tranquillity of the the country – secure your retreat now!",HIGH,other,external_generated_unknown_source,English_Scam.txt,286,scam,Inherited scam label; retained for scenario diversity and intent coverage.,True,"[Greetings] , it is [Name] from [Company] . Escape to the picturesque [Country] with our [Product]! Unlock a discount for the first bookings at [Link]. Stay in charming cottages, explore quaint villages, and indulge in traditional afternoon tea. As a special offer, we are including a complimentary guided tour of [Country] . Experience the tranquillity of the [Country] – secure your retreat now!"
EXT-H-093,"! I have been searching for profiles with strong financial backgrounds, and yours caught my attention. We are currently offering a lucrative fund transfers venture. By assisting with transactions, you will be playing a pivotal role in ensuring smooth operations and earning commissions. It is an opportunity worth exploring!",HIGH,other,external_generated_unknown_source,English_Scam.txt,192,scam,Inherited scam label; retained for scenario diversity and intent coverage.,True,"[Greetings]! I have been searching for profiles with strong financial backgrounds, and yours caught my attention. We are currently offering a lucrative fund transfers venture. By assisting with transactions, you will be playing a pivotal role in ensuring smooth operations and earning commissions. It is an opportunity worth exploring!"
EXT-H-094,"the representative, it is the representative. I have been in this for a year now, and it has been fantastic. I am consistently making the representative monthly. What is your age and what do you do for a living? This will help us customize your experience.",HIGH,other,external_generated_unknown_source,English_Scam.txt,166,scam,Inherited scam label; retained for scenario diversity and intent coverage.,True,"[Greetings] [Name], it is [Name]. I have been in this for a year now, and it has been fantastic. I am consistently making [Name] monthly. What is your age and what do you do for a living? This will help us customize your experience."
EXT-H-095,"! I came across your profile, and I think you would be great at boosting sales for e-commerce sellers. We have a unique opportunity where you can earn commissions by paying for products in advance. It is a win-win! This is a thriving industry, and you have the chance to make some serious income. Interested?",HIGH,other,external_generated_unknown_source,English_Scam.txt,173,scam,Inherited scam label; retained for scenario diversity and intent coverage.,True,"[Greetings]! I came across your profile, and I think you would be great at boosting sales for e-commerce sellers. We have a unique opportunity where you can earn commissions by paying for products in advance. It is a win-win! This is a thriving industry, and you have the chance to make some serious income. Interested?"
EXT-H-096,"it is the representative from the company. Bask in the beauty of the the country with our the product! Seize a discount for the first bookings at the provided link. Stay in cliffside villas, indulge in authentic the country cuisine, and explore the charming villages. As an added treat, we are including a complimentary boat tour along the coast. Immerse yourself in the splendours of the the country Coast reserve your spot for an Italian escape",HIGH,other,external_generated_unknown_source,English_Scam.txt,284,scam,Inherited scam label; retained for scenario diversity and intent coverage.,True,"[Greetings], it is [Name] from [Company] . Bask in the beauty of the [Country] with our [Product]! Seize a discount for the first bookings at [Link]. Stay in cliffside villas, indulge in authentic [Country] cuisine, and explore the charming villages. As an added treat, we are including a complimentary boat tour along the coast. Immerse yourself in the splendours of the [Country] Coast reserve your spot for an Italian escape"
EXT-H-097,I am the representative. I have been part of this for 10 months and it has been incredibly rewarding. I make about the amount to the amount every month. It is a great side gig. Could you share your age and occupation? This will help us get you set up in no time.,HIGH,other,external_generated_unknown_source,English_Scam.txt,167,scam,Inherited scam label; retained for scenario diversity and intent coverage.,False,[Greetings] I am [Name]. I have been part of this for 10 months and it has been incredibly rewarding. I make about [Money] to [Money] every month. It is a great side gig. Could you share your age and occupation? This will help us get you set up in no time.
EXT-H-098,"! I have been exploring profiles, and your sales experience stood out. We are currently offering a unique affiliate marketing venture. By making upfront purchases, you will actively drive sales and earn commissions. It is a proven method with impressive returns. Are you up for it?",HIGH,other,external_generated_unknown_source,English_Scam.txt,180,scam,Inherited scam label; retained for scenario diversity and intent coverage.,True,"[Greetings]! I have been exploring profiles, and your sales experience stood out. We are currently offering a unique affiliate marketing venture. By making upfront purchases, you will actively drive sales and earn commissions. It is a proven method with impressive returns. Are you up for it?"
EXT-H-099,"I am Laura. I have been in this for a while now, and it has been incredible. I am making the amount to the amount each month. It is flexible and easy. What is your age and occupation? This will help us personalize your experience.",HIGH,other,external_generated_unknown_source,English_Scam.txt,172,scam,Inherited scam label; retained for scenario diversity and intent coverage.,True,"[Greetings], I am Laura. I have been in this for a while now, and it has been incredible. I am making [Money] to [Money] each month. It is flexible and easy. What is your age and occupation? This will help us personalize your experience."
EXT-H-100,"! I was impressed by your profile, especially your financial expertise. We have an exciting opportunity in fund transfers that aligns perfectly with your skills. By facilitating transactions, you will be contributing to increased efficiency and earning commissions. It is an opportunity you do not want to miss out on!",HIGH,other,external_generated_unknown_source,English_Scam.txt,186,scam,Inherited scam label; retained for scenario diversity and intent coverage.,True,"[Greetings]! I was impressed by your profile, especially your financial expertise. We have an exciting opportunity in fund transfers that aligns perfectly with your skills. By facilitating transactions, you will be contributing to increased efficiency and earning commissions. It is an opportunity you do not want to miss out on!"
EXT-H-101,"! I came across your profile and noticed your knack for sales. We have a unique opportunity in affiliate marketing that could be a great fit for you. By purchasing select products in advance, you will be boosting sales and earnings commissions. It is a straightforward process, and the potential earnings are impressive. Are you open to exploring this?",HIGH,other,external_generated_unknown_source,English_Scam.txt,174,scam,Inherited scam label; retained for scenario diversity and intent coverage.,False,"[Greetings]! I came across your profile and noticed your knack for sales. We have a unique opportunity in affiliate marketing that could be a great fit for you. By purchasing select products in advance, you will be boosting sales and earnings commissions. It is a straightforward process, and the potential earnings are impressive. Are you open to exploring this?"
EXT-H-102,"! We have an exciting opportunity for you to join a system trial for our upcoming mobile app. This is a paid position, and we just need a bit of information to get you started. Ready to be part of it?",HIGH,other,external_generated_unknown_source,English_Scam.txt,213,scam,Inherited scam label; retained for scenario diversity and intent coverage.,True,"[Greetings]! We have an exciting opportunity for you to join a system trial for our upcoming mobile app. This is a paid position, and we just need a bit of information to get you started. Ready to be part of it?"
EXT-H-103,"it is the representativefrom the company! Get ready for the experience of a lifetime with our exclusive the product to the country. Picture yourself wandering through the historic streets of the country, savouring authentic the country cuisine in the country, and cruising along the romantic canals of the country. Our limited-time offer, available at the provided link, brings you a discount on this dream vacation for the first bookings! Enjoy lavish accommodations in top-rated hotels, private tours of iconic landmarks, and VIP access to renowned museums. As a special bonus, we are including a complimentary wine-tasting tour in the country. This is your chance to embrace la dolce vita in style! Secure your spot now the country is calling, and you would not want to miss out on this unforgettable journey!",HIGH,other,external_generated_unknown_source,English_Scam.txt,264,scam,Inherited scam label; retained for scenario diversity and intent coverage.,True,"[Greetings], it is [Name]from [Company] ! Get ready for the experience of a lifetime with our exclusive [Product] to [Country] . Picture yourself wandering through the historic streets of [Country] , savouring authentic [Country] cuisine in [Country] , and cruising along the romantic canals of [Country] . Our limited-time offer, available at [Link], brings you a discount on this dream vacation for the first bookings! Enjoy lavish accommodations in top-rated hotels, private tours of iconic landmarks, and VIP access to renowned museums. As a special bonus, we are including a complimentary wine-tasting tour in [Country] . This is your chance to embrace la dolce vita in style! Secure your spot now [Country] is calling, and you would not want to miss out on this unforgettable journey!"
EXT-H-104,"! I have been exploring profiles, and your financial experience stood out. We are currently offering a unique fund transfers venture. By facilitating various transactions, you will actively contribute to smooth operations and earn commissions. It is a proven method with impressive returns. Are you up for it?",HIGH,other,external_generated_unknown_source,English_Scam.txt,190,scam,Inherited scam label; retained for scenario diversity and intent coverage.,True,"[Greetings]! I have been exploring profiles, and your financial experience stood out. We are currently offering a unique fund transfers venture. By facilitating various transactions, you will actively contribute to smooth operations and earn commissions. It is a proven method with impressive returns. Are you up for it?"
EXT-H-105,"the representative, it is me. I am in trouble, and I need money for bail. Please do not tell Mom or Dad. I will get in so much trouble. Hurry, the representative. A lawyer is going to call you. Please help me! This is your the representative’s lawyer. He is in a lot of trouble. The only way he can get out of jail is if you pay.",HIGH,other,external_generated_unknown_source,English_Scam.txt,101,scam,Inherited scam label; retained for scenario diversity and intent coverage.,False,"[Greetings] [Name], it is me. I am in trouble, and I need money for bail. Please do not tell Mom or Dad. I will get in so much trouble. Hurry, [Name]. A lawyer is going to call you. Please help me! This is your [Name]’s lawyer. He is in a lot of trouble. The only way he can get out of jail is if you pay."
EXT-H-106,"! We are on the lookout for individuals with a flair for sales. Our affiliate marketing initiative involves purchasing specific products in advance, resulting in boosted sales and substantial commissions. This is a win-win situation. Would you like more details?",HIGH,other,external_generated_unknown_source,English_Scam.txt,177,scam,Inherited scam label; retained for scenario diversity and intent coverage.,True,"[Greetings]! We are on the lookout for individuals with a flair for sales. Our affiliate marketing initiative involves purchasing specific products in advance, resulting in boosted sales and substantial commissions. This is a win-win situation. Would you like more details?"
EXT-H-107,"VIP Access to the product – Limited Edition Unveiling! Reserve Yours Now! the product Enthusiasts! Get ready for a tech revolution! Gain VIP access to the exclusive the product Limited Edition at the provided link. Be one of the privileged few to experience groundbreaking features, unparalleled speed, and a design like never before. Secure your reservation today and receive an extra off limited spots available! Elevate your the product game with the epitome of innovation.",HIGH,tech_support,external_generated_unknown_source,English_Scam.txt,290,scam,Inherited scam label; retained for scenario diversity and intent coverage.,True,"VIP Access to [Product] – Limited Edition Unveiling! Reserve Yours Now! [Greetings]  [Product]  Enthusiasts! Get ready for a tech revolution! Gain VIP access to the exclusive [Product] Limited Edition at [Link]. Be one of the privileged few to experience groundbreaking features, unparalleled speed, and a design like never before. Secure your reservation today and receive an extra off limited spots available! Elevate your [Product]  game with the epitome of innovation."
EXT-H-108,"Flash Sale Alert! Get Your the product Today Off for Early Birds! Attention Tech Lovers! Do not miss the the product Flash Sale at the provided link! Score an unbelievable discount for the first customers! Experience next-level innovation, mind-blowing features, and incredible speed. Act fast this offer expires in 24 hours. Elevate your the product game – secure your the product now!",HIGH,tech_support,external_generated_unknown_source,English_Scam.txt,289,scam,Inherited scam label; retained for scenario diversity and intent coverage.,True,"Flash Sale Alert! Get Your [Product] Today Off for Early Birds! Attention Tech Lovers! Do not miss the [Product] Flash Sale at [Link]! Score an unbelievable discount for the first customers! Experience next-level innovation, mind-blowing features, and incredible speed. Act fast this offer expires in 24 hours. Elevate your [Product]  game – secure your [Product] now!"
EXT-H-109,"The Ultimate the product Bundle Unleash the Power! Limited Time Offer! Tech Enthusiasts! Introducing the Ultimate the product Bundle at the provided link. Maximize your the product experience with an exclusive bundle wireless charging pad, premium case, and more! The first orders enjoy a sensational discount. Unleash the power of the the product – where innovation meets style. Do not miss out claim your ultimate bundle today!",HIGH,tech_support,external_generated_unknown_source,English_Scam.txt,292,scam,Inherited scam label; retained for scenario diversity and intent coverage.,True,"The Ultimate [Product] Bundle Unleash the Power! Limited Time Offer! [Greetings] Tech Enthusiasts! Introducing the Ultimate [Product] Bundle at [Link]. Maximize your [Product]  experience with an exclusive bundle wireless charging pad, premium case, and more! The first orders enjoy a sensational discount. Unleash the power of the [Product] – where innovation meets style. Do not miss out claim your ultimate bundle today!"
EXT-H-110,"Before using any devices or accessing the internet, it is crucial that you contact a certified the company Support Advisor to ensure your network is secure and your device is protected from threats. Press 1 to be connected immediately. Our technicians are available now to assist you. Press 2 to hear this message again. Your safety online depends on your swift action. Thank you.",HIGH,tech_support,external_generated_unknown_source,English_Scam.txt,102,scam,Inherited scam label; retained for scenario diversity and intent coverage.,False,"Before using any devices or accessing the internet, it is crucial that you contact a certified [Company] Support Advisor to ensure your network is secure and your device is protected from threats. Press 1 to be connected immediately. Our technicians are available now to assist you. Press 2 to hear this message again. Your safety online depends on your swift action. Thank you."
EXT-H-111,". I am an artificial intelligent notification bot. The purpose of this call is to make you aware that as a resident, you are now able to take advantage of alternative federal student loan repayment options and hardship programs. These programs are only for individuals who have less than the amount in federal student loan debt. Having debt obligations may cause a hardship when added to your overall monthly bills. Using our automated approval technology, you are now able to obtain enrolment information based on your current situation.",HIGH,tech_support,external_generated_unknown_source,English_Scam.txt,118,scam,Inherited scam label; retained for scenario diversity and intent coverage.,False,"[Greetings] . I am an artificial intelligent notification bot. The purpose of this call is to make you aware that as a resident, you are now able to take advantage of alternative federal student loan repayment options and hardship programs. These programs are only for individuals who have less than [Money] in federal student loan debt. Having debt obligations may cause a hardship when added to your overall monthly bills. Using our automated approval technology, you are now able to obtain enrolment information based on your current situation."
EXT-H-112,"Fantastic news! You have been pre-approved for a personal loan with extremely low interest and no upfront fees. This offer can help cover unexpected expenses, consolidate your debts, or fund your personal goals with ease. To secure your funds before the offer expires, press 1 now and speak with a loan specialist.",HIGH,loan,external_generated_unknown_source,English_Scam.txt,111,scam,Inherited scam label; retained for scenario diversity and intent coverage.,False,"Fantastic news! You have been pre-approved for a personal loan with extremely low interest and no upfront fees. This offer can help cover unexpected expenses, consolidate your debts, or fund your personal goals with ease. To secure your funds before the offer expires, press 1 now and speak with a loan specialist."
EXT-H-113,"Congratulations on your outstanding financial responsibility! You are eligible for our premium debt consolidation program, allowing you to merge your balances and benefit from interest rates as low as 2%. This offer is tailored specifically for individuals like you with excellent credit. Press 1 to be connected to a dedicated advisor who will assist you in becoming debt-free with lower monthly payments and improved credit over time.",HIGH,loan,external_generated_unknown_source,English_Scam.txt,104,scam,Inherited scam label; retained for scenario diversity and intent coverage.,False,"Congratulations on your outstanding financial responsibility! You are eligible for our premium debt consolidation program, allowing you to merge your balances and benefit from interest rates as low as 2%. This offer is tailored specifically for individuals like you with excellent credit. Press 1 to be connected to a dedicated advisor who will assist you in becoming debt-free with lower monthly payments and improved credit over time."
EXT-H-114,"this is the representative from the company. As a loyal and valued customer, we are pleased to offer you an exclusive opportunity to significantly reduce your mortgage rates. You now qualify for our limited-time mortgage relief program that can lower your monthly payments and save you thousands over the life of your loan. Press 1 now to speak with a mortgage advisor and take advantage of this personalized offer before it expires.",HIGH,loan,external_generated_unknown_source,English_Scam.txt,106,scam,Inherited scam label; retained for scenario diversity and intent coverage.,False,"[Greetings], this is [Name] from [Company]. As a loyal and valued customer, we are pleased to offer you an exclusive opportunity to significantly reduce your mortgage rates. You now qualify for our limited-time mortgage relief program that can lower your monthly payments and save you thousands over the life of your loan. Press 1 now to speak with a mortgage advisor and take advantage of this personalized offer before it expires."
EXT-H-115,"Congratulations on owning your home! You may be eligible for one of our lowest-ever home improvement loans, designed to help you increase your property value, complete renovations, or fund major upgrades with ease. This offer includes low interest rates and fast approval. Press 1 to learn more and unlock the true potential of your property.",HIGH,loan,external_generated_unknown_source,English_Scam.txt,110,scam,Inherited scam label; retained for scenario diversity and intent coverage.,False,"Congratulations on owning your home! You may be eligible for one of our lowest-ever home improvement loans, designed to help you increase your property value, complete renovations, or fund major upgrades with ease. This offer includes low interest rates and fast approval. Press 1 to learn more and unlock the true potential of your property."
EXT-H-116,"This is your internet service provider calling. We have detected a security breach in your router, and we need to update your network settings. Please provide your login credentials and other personal details for assistance.",HIGH,utility,external_generated_unknown_source,English_Scam.txt,19,scam,Inherited scam label; retained for scenario diversity and intent coverage.,False,"This is your internet service provider calling. We have detected a security breach in your router, and we need to update your network settings. Please provide your login credentials and other personal details for assistance."
EXT-H-117,. This is an apology call from your electric utility. You got overcharged by your third-party supplier. You will be receiving a rebate check along with a 30% discount on your electric and gas bill. Please press 1 to get your rebate check.,HIGH,utility,external_generated_unknown_source,English_Scam.txt,117,scam,Inherited scam label; retained for scenario diversity and intent coverage.,False,[Greetings]. This is an apology call from your electric utility. You got overcharged by your third-party supplier. You will be receiving a rebate check along with a 30% discount on your electric and gas bill. Please press 1 to get your rebate check.
EXT-H-118,"it is the representative from the company. Dive into the wonders of the country with our Great the product! Seize a discount for the first bookings at the provided link. Snorkel in the vibrant coral gardens, explore the the country, and relax on pristine beaches. As an added bonus, we are offering a complimentary sunset cruise in the the country. Immerse yourself in the beauty of the the country reserve your spot for an unforgettable journey!",HIGH,prize,external_generated_unknown_source,English_Scam.txt,279,scam,Inherited scam label; retained for scenario diversity and intent coverage.,True,"[Greetings], it is [Name] from [Company] . Dive into the wonders of [Country] with our Great [Product]! Seize a discount for the first bookings at [Link]. Snorkel in the vibrant coral gardens, explore the [Country] , and relax on pristine beaches. As an added bonus, we are offering a complimentary sunset cruise in the [Country] . Immerse yourself in the beauty of the [Country] reserve your spot for an unforgettable journey!"
EXT-H-119,"it is the representative from the company. Congratulations! You have been selected for an exclusive promotion to win a brand-new luxury car. Just click on the link the provided link and enter code the number to claim your prize. Hurry, as this is a time-sensitive offer, and We are excited to see you driving away in style with your new vehicle!",HIGH,prize,external_generated_unknown_source,English_Scam.txt,260,scam,Inherited scam label; retained for scenario diversity and intent coverage.,False,"[Greetings], it is [Name] from [Company] . Congratulations! You have been selected for an exclusive promotion to win a brand-new luxury car. Just click on the link [Link] and enter code [Number] to claim your prize. Hurry, as this is a time-sensitive offer, and We are excited to see you driving away in style with your new vehicle!"
EXT-H-120,"is this the representativethe representative? I am calling from the country Hospital, and I am afraid to inform you that your son, the representative is in a serious car accident, and unfortunately, he is in a critical condition and needs immediate operations. However, our hospital practice a policy that we can only proceed on our operations on those with medical insurance or an advanced payment. We need an upfront payment of the amount for the medical fees. We appreciate your swift response. To expedite the process, we need the payment as soon as possible.",HIGH,health,external_generated_unknown_source,English_Scam.txt,123,scam,Inherited scam label; retained for scenario diversity and intent coverage.,True,"[Greetings] , is this [Title][Name]? I am calling from [Country] Hospital, and I am afraid to inform you that your son, [Name] is in a serious car accident, and unfortunately, he is in a critical condition and needs immediate operations. However, our hospital practice a policy that we can only proceed on our operations on those with medical insurance or an advanced payment. We need an upfront payment of [Money] for the medical fees. We appreciate your swift response. To expedite the process, we need the payment as soon as possible."
EXT-L-001,"this is the company Pet Store. Our annual adoption event is on the date, and We are looking for volunteers and adopters alike. Would you like to help out or find a furry companion?",LOW,other,external_generated_unknown_source,English_NonScam.txt,60,non_scam,Inherited non-scam label; retained as a benign/hard-negative example.,True,"[Greetings], this is [Company] Pet Store. Our annual adoption event is on [Date], and We are looking for volunteers and adopters alike. Would you like to help out or find a furry companion?"
EXT-L-002,this is the company Travel. We are offering a unique opportunity to join an archaeological expedition to a recently uncovered site. Fascinated by history? Let us talk details!,LOW,other,external_generated_unknown_source,English_NonScam.txt,71,non_scam,Inherited non-scam label; retained as a benign/hard-negative example.,True,"[Greetings], this is [Company] Travel. We are offering a unique opportunity to join an archaeological expedition to a recently uncovered site. Fascinated by history? Let us talk details!"
EXT-L-003,"this is the representative. We are having a small barbecue this the date at the time with a few close friends. Nothing fancy, just good food, and fun vibes. Would love for you to come by and bring something if you would like.",LOW,other,external_generated_unknown_source,English_NonScam.txt,211,non_scam,Inherited non-scam label; retained as a benign/hard-negative example.,True,"[Greetings], this is [Name]. We are having a small barbecue this [Date] at [Time] with a few close friends. Nothing fancy, just good food, and fun vibes. Would love for you to come by and bring something if you would like."
EXT-L-004,"this is the representative. I finally tried out the the product recipe you sent, and it turned out better than I expected. We should definitely have a food night where we both cook something fun.",LOW,other,external_generated_unknown_source,English_NonScam.txt,226,non_scam,Inherited non-scam label; retained as a benign/hard-negative example.,True,"[Greetings], this is [Name]. I finally tried out the [Product] recipe you sent, and it turned out better than I expected. We should definitely have a food night where we both cook something fun."
EXT-L-005,"this is the representative. I wanted to confirm our catch-up call for the date at the time. It has been a while since we talked, and I would love to hear all about your recent adventures. Let me know if you would like to reschedule.",LOW,other,external_generated_unknown_source,English_NonScam.txt,249,non_scam,Inherited non-scam label; retained as a benign/hard-negative example.,False,"[Greetings], this is [Name]. I wanted to confirm our catch-up call for [Date] at [Time]. It has been a while since we talked, and I would love to hear all about your recent adventures. Let me know if you would like to reschedule."
EXT-L-006,"this is the company Foundation. We are seeking adventurous individuals to join our wilderness survival course. Want to learn fire-building, shelter-making, and more in nature?",LOW,other,external_generated_unknown_source,English_NonScam.txt,77,non_scam,Inherited non-scam label; retained as a benign/hard-negative example.,True,"[Greetings], this is [Company] Foundation. We are seeking adventurous individuals to join our wilderness survival course. Want to learn fire-building, shelter-making, and more in nature?"
EXT-L-007,this is the company Antiques. We have just added a rare collection of vintage typewriters to our shop. Are you a collector or enthusiast interested in owning a timeless piece of history?,LOW,other,external_generated_unknown_source,English_NonScam.txt,79,non_scam,Inherited non-scam label; retained as a benign/hard-negative example.,True,"[Greetings], this is [Company] Antiques. We have  just added a rare collection of vintage typewriters to our shop. Are you a collector or enthusiast interested in owning a timeless piece of history?"
EXT-L-008,this is the representative from the company Life Insurance. I am calling to check that your policy still meets your family’s financial needs. Can we arrange a quick review this week?,LOW,other,external_generated_unknown_source,English_NonScam.txt,158,non_scam,Inherited non-scam label; retained as a benign/hard-negative example.,True,"[Greetings], this is [Name] from [Company] Life Insurance. I am  calling to check that your policy still meets your family’s financial needs. Can we arrange a quick review this week?"
EXT-L-009,this is the representative. I was organizing my photos and came across some great ones from our last trip to the location. It brought back a lot of fun memories. I will send them to you and we can plan another trip soon.,LOW,other,external_generated_unknown_source,English_NonScam.txt,263,non_scam,Inherited non-scam label; retained as a benign/hard-negative example.,False,"[Greetings], this is [Name]. I was organizing my photos and came across some great ones from our last trip to [Location]. It brought back a lot of fun memories. I will send them to you and we can plan another trip soon."
EXT-L-010,"this is the company Fitness Centre. We are launching a brand-new class—“the product”—on the date, and you are invited for a free trial. Ready to move and groove with us?",LOW,other,external_generated_unknown_source,English_NonScam.txt,61,non_scam,Inherited non-scam label; retained as a benign/hard-negative example.,True,"[Greetings], this is [Company] Fitness Centre. We are launching a brand-new class—“[Product]”—on [Date], and you are invited for a free trial. Ready to move and groove with us?"
EXT-L-011,this is the representative from the company Life Insurance. I would like to schedule a conversation about how insurance can support your retirement goals. What day works best for you?,LOW,other,external_generated_unknown_source,English_NonScam.txt,161,non_scam,Inherited non-scam label; retained as a benign/hard-negative example.,True,"[Greetings], this is [Name] from [Company] Life Insurance. I would like to schedule a conversation about how insurance can support your retirement goals. What day works best for you?"
EXT-L-012,"this is the representative from the company Youth Forum. We are hosting a virtual panel on the product innovation, and we are looking for diverse voices. Would you be interested in joining as a panellist or guest?",LOW,other,external_generated_unknown_source,English_NonScam.txt,302,non_scam,Inherited non-scam label; retained as a benign/hard-negative example.,True,"[Greetings], this is [Name] from [Company] Youth Forum. We are hosting a virtual panel on [Product] innovation, and we are looking for diverse voices. Would you be interested in joining as a panellist or guest?"
EXT-L-013,this is the representative. Have you seen the news about the product? Thought of you instantly—It is exactly what you were looking for. Want to talk about it?,LOW,other,external_generated_unknown_source,English_NonScam.txt,200,non_scam,Inherited non-scam label; retained as a benign/hard-negative example.,True,"[Greetings], this is [Name]. Have you seen the news about [Product]? Thought of you instantly—It is exactly what you were looking for. Want to talk about it?"
EXT-L-014,"this is Dr. the representative’s office calling to remind you of your dermatology appointment on the day at the time. If you have any questions before the visit, feel free to reach out.",LOW,other,external_generated_unknown_source,English_NonScam.txt,175,non_scam,Inherited non-scam label; retained as a benign/hard-negative example.,False,"[Greetings], this is Dr. [Name]’s office calling to remind you of your dermatology appointment on [Day] at [Time]. If you have any questions before the visit, feel free to reach out."
EXT-L-015,this is the representative. There is a trending challenge where people share their favourite AI-generated artwork. I created one last night and it was fun. Want to make your own and swap results?,LOW,other,external_generated_unknown_source,English_NonScam.txt,367,non_scam,Inherited non-scam label; retained as a benign/hard-negative example.,False,"[Greetings], this is [Name]. There is a trending challenge where people share their favourite AI-generated artwork. I created one last night and it was fun. Want to make your own and swap results?"
EXT-L-016,this is the representative. I found a nice trail for hiking just outside the relevant detail. It looks like a great weekend plan. Would you like to go together and catch up?,LOW,other,external_generated_unknown_source,English_NonScam.txt,272,non_scam,Inherited non-scam label; retained as a benign/hard-negative example.,True,"[Greetings], this is [Name]. I found a nice trail for hiking just outside [City]. It looks like a great weekend plan. Would you like to go together and catch up?"
EXT-L-017,this is the representative. I subscribed to the company’s AI voice assistant and it has made home tasks much easier. It can now even manage calendar entries by voice. Want to see a demo on our next call?,LOW,other,external_generated_unknown_source,English_NonScam.txt,358,non_scam,Inherited non-scam label; retained as a benign/hard-negative example.,False,"[Greetings], this is [Name]. I subscribed to [Company]’s AI voice assistant and it has made home tasks much easier. It can now even manage calendar entries by voice. Want to see a demo on our next call?"
EXT-L-018,this is the representative from the company Rehabilitation Center. We are reminding you of your physical therapy session scheduled for the date at the time. Your consistent participation is vital to your recovery.,LOW,other,external_generated_unknown_source,English_NonScam.txt,173,non_scam,Inherited non-scam label; retained as a benign/hard-negative example.,True,"[Greetings], this is [Name] from [Company] Rehabilitation Center. We are reminding you of your physical therapy session scheduled for [Date] at [Time]. Your consistent participation is vital to your recovery."
EXT-L-019,"this is the representative from the company Education Trust. Grant applications for research proposals are open until the date. If you require application forms or submission assistance, please collect them from our designated education outreach offices.",LOW,other,external_generated_unknown_source,English_NonScam.txt,381,non_scam,Inherited non-scam label; retained as a benign/hard-negative example.,False,"[Greetings], this is [Name] from [Company] Education Trust. Grant applications for research proposals are open until [Date]. If you require application forms or submission assistance, please collect them from our designated education outreach offices."
EXT-L-020,It is the representative. I wanted to let you know the team appreciated your help last week. We are planning a casual dinner on the date—can you make it?,LOW,other,external_generated_unknown_source,English_NonScam.txt,197,non_scam,Inherited non-scam label; retained as a benign/hard-negative example.,True,"[Greetings], It is [Name]. I wanted to let you know the team appreciated your help last week. We are planning a casual dinner on [Date]—can you make it?"
EXT-L-021,"It is the representative. Just checking in—how is your week going so far? Let us catch up before the weekend hits, over a short call or a walk.",LOW,other,external_generated_unknown_source,English_NonScam.txt,228,non_scam,Inherited non-scam label; retained as a benign/hard-negative example.,False,"[Greetings], It is [Name]. Just checking in—how is your week going so far? Let us catch up before the weekend hits, over a short call or a walk."
EXT-L-022,this is the representative. I am planning to host a small open mic night at the location next month. You have such a great voice—would you like to perform something? I can help you register if you are interested.,LOW,other,external_generated_unknown_source,English_NonScam.txt,295,non_scam,Inherited non-scam label; retained as a benign/hard-negative example.,False,"[Greetings], this is [Name]. I am planning to host a small open mic night at [Location] next month. You have such a great voice—would you like to perform something? I can help you register if you are interested."
EXT-L-023,"this is the representative. I just watched a review of the new the product smartphone, and it looks very impressive. The camera features are supposed to be the best yet. Have you seen it already?",LOW,other,external_generated_unknown_source,English_NonScam.txt,329,non_scam,Inherited non-scam label; retained as a benign/hard-negative example.,True,"[Greetings], this is [Name]. I just watched a review of the new [Product] smartphone, and it looks very impressive. The camera features are supposed to be the best yet. Have you seen it already?"
EXT-L-024,"this is the representative. A travel deal to the location just popped up, and I remembered you were planning a trip there. Want to coordinate dates and go together?",LOW,other,external_generated_unknown_source,English_NonScam.txt,242,non_scam,Inherited non-scam label; retained as a benign/hard-negative example.,True,"[Greetings], this is [Name]. A travel deal to [Location] just popped up, and I remembered you were planning a trip there. Want to coordinate dates and go together?"
EXT-L-025,"this is the representative from the company Counselling Services. Just confirming your upcoming session on the date at the time. If anything is changed, feel free to reach out and we can reschedule.",LOW,other,external_generated_unknown_source,English_NonScam.txt,235,non_scam,Inherited non-scam label; retained as a benign/hard-negative example.,True,"[Greetings], this is [Name] from [Company] Counselling Services. Just confirming your upcoming session on [Date] at [Time]. If anything is changed, feel free to reach out and we can reschedule."
EXT-L-026,this is the representative. the company is offering a discount on their wireless noise-cancelling headphones this week. I remember you mentioned needing a new pair. Should we check it out today?,LOW,other,external_generated_unknown_source,English_NonScam.txt,337,non_scam,Inherited non-scam label; retained as a benign/hard-negative example.,True,"[Greetings], this is [Name]. [Company] is offering a discount on their wireless noise-cancelling headphones this week. I remember you mentioned needing a new pair. Should we check it out today?"
EXT-L-027,this is the representative from the company Careers. We received your application for the the representative position. Are you available for a 30-minute preliminary interview this week?,LOW,other,external_generated_unknown_source,English_NonScam.txt,112,non_scam,Inherited non-scam label; retained as a benign/hard-negative example.,True,"[Greetings], this is [Name] from [Company] Careers. We received your application for the [Title] position. Are you available for a 30-minute preliminary interview this week?"
EXT-L-028,"this is the representative. I saw your comment on the company's page, and it made me smile. You always have such great insights. Let us talk soon—I miss our brainstorms.",LOW,other,external_generated_unknown_source,English_NonScam.txt,285,non_scam,Inherited non-scam label; retained as a benign/hard-negative example.,True,"[Greetings], this is [Name]. I saw your comment on [Company]'s page, and it made me smile. You always have such great insights. Let us talk soon—I miss our brainstorms."
EXT-L-029,"this is the company Insurance. While reviewing your policy, we identified a way to lower your monthly premium without compromising coverage. Shall we discuss the update options?",LOW,other,external_generated_unknown_source,English_NonScam.txt,58,non_scam,Inherited non-scam label; retained as a benign/hard-negative example.,True,"[Greetings], this is [Company] Insurance. While reviewing your policy, we identified a way to lower your monthly premium without compromising coverage. Shall we discuss the update options?"
EXT-L-030,"this is the representative. I am part of the local neighborhood council, and we are hosting a town hall at the location this the date. It would be great to have your voice in the discussion. Shall I save you a seat?",LOW,other,external_generated_unknown_source,English_NonScam.txt,290,non_scam,Inherited non-scam label; retained as a benign/hard-negative example.,True,"[Greetings], this is [Name]. I am part of the local neighborhood council, and we are hosting a town hall at [Location] this [Date]. It would be great to have your voice in the discussion. Shall I save you a seat?"
EXT-L-031,this is the company Events Team. You RSVP would for our webinar on “the product Trends in 2025.” Just a reminder—it begins on the date at the time. Need a calendar invite?,LOW,other,external_generated_unknown_source,English_NonScam.txt,25,non_scam,Inherited non-scam label; retained as a benign/hard-negative example.,True,"[Greetings], this is [Company] Events Team. You RSVP would for our webinar on “[Product] Trends in 2025.” Just a reminder—it begins on [Date] at [Time]. Need a calendar invite?"
EXT-L-032,this is the representative. I saw you commented on the post about digital well-being. I have been doing a screen detox myself and it has been refreshing. Want to talk about it sometime soon?,LOW,other,external_generated_unknown_source,English_NonScam.txt,309,non_scam,Inherited non-scam label; retained as a benign/hard-negative example.,True,"[Greetings], this is [Name]. I saw you commented on the post about digital well-being. I have been doing a screen detox myself and it has been refreshing. Want to talk about it sometime soon?"
EXT-L-033,"this is the representative. I just subscribed to the new the product service, and it includes some cool features. You were looking for something similar last month. Want to check it out on a call?",LOW,other,external_generated_unknown_source,English_NonScam.txt,318,non_scam,Inherited non-scam label; retained as a benign/hard-negative example.,False,"[Greetings], this is [Name]. I just subscribed to the new [Product] service, and it includes some cool features. You were looking for something similar last month. Want to check it out on a call?"
EXT-L-034,"this is the representative from the company University Advising. We are holding a session this the date focused on digital safety and financial literacy. To register officially, you may visit the advising center at the location and sign up with your student ID.",LOW,other,external_generated_unknown_source,English_NonScam.txt,383,non_scam,Inherited non-scam label; retained as a benign/hard-negative example.,False,"[Greetings], this is [Name] from [Company] University Advising. We are holding a session this [Date] focused on digital safety and financial literacy. To register officially, you may visit the advising center at [Location] and sign up with your student ID."
EXT-L-035,"this is the representative. I just finished reading the book you recommended, and I enjoyed it a lot. I thought we could discuss some of the key parts over a call sometime. Would you be available this weekend?",LOW,other,external_generated_unknown_source,English_NonScam.txt,250,non_scam,Inherited non-scam label; retained as a benign/hard-negative example.,False,"[Greetings], this is [Name]. I just finished reading the book you recommended, and I enjoyed it a lot. I thought we could discuss some of the key parts over a call sometime. Would you be available this weekend?"
EXT-L-036,this is the representative. The weather has been great lately. I am thinking of organizing a casual picnic at the location this weekend. Would you be interested in coming along?,LOW,other,external_generated_unknown_source,English_NonScam.txt,319,non_scam,Inherited non-scam label; retained as a benign/hard-negative example.,True,"[Greetings], this is [Name]. The weather has been great lately. I am thinking of organizing a casual picnic at [Location] this weekend. Would you be interested in coming along?"
EXT-L-037,this is the representative. I started using a smart grocery app that recommends recipes based on what is already in your fridge. You might find it helpful too. Let us compare how it works for us.,LOW,other,external_generated_unknown_source,English_NonScam.txt,357,non_scam,Inherited non-scam label; retained as a benign/hard-negative example.,True,"[Greetings], this is [Name]. I started using a smart grocery app that recommends recipes based on what is already in your fridge. You might find it helpful too. Let us compare how it works for us."
EXT-L-038,"this is the representative from the company Housing Support Center. If you believe you qualify for the updated rental subsidy scheme, you may apply in person. Please visit your district support office and bring proof of tenancy and income documents.",LOW,other,external_generated_unknown_source,English_NonScam.txt,375,non_scam,Inherited non-scam label; retained as a benign/hard-negative example.,False,"[Greetings], this is [Name] from [Company] Housing Support Center. If you believe you qualify for the updated rental subsidy scheme, you may apply in person. Please visit your district support office and bring proof of tenancy and income documents."
EXT-L-039,this is the company School. We are reminding you about the upcoming parent-teacher meeting on the date. Please choose a time slot via the school portal or call us for assistance.,LOW,other,external_generated_unknown_source,English_NonScam.txt,8,non_scam,Inherited non-scam label; retained as a benign/hard-negative example.,False,"[Greetings], this is [Company] School. We are reminding you about the upcoming parent-teacher meeting on [Date]. Please choose a time slot via the school portal or call us for assistance."
EXT-L-040,this is the representative. Just touching base about our meetup at the location this weekend. Still good for the time? Let me know if anything changes.,LOW,other,external_generated_unknown_source,English_NonScam.txt,232,non_scam,Inherited non-scam label; retained as a benign/hard-negative example.,True,"[Greetings], this is [Name]. Just touching base about our meetup at [Location] this weekend. Still good for [Time]? Let me know if anything changes."
EXT-L-041,this is the company Mobile Network. A new SIM card upgrade is available at no cost. You can collect it from any outlet or request delivery. Would you prefer home service?,LOW,delivery,external_generated_unknown_source,English_NonScam.txt,24,non_scam,Inherited non-scam label; retained as a benign/hard-negative example.,True,"[Greetings], this is [Company] Mobile Network. A new SIM card upgrade is available at no cost. You can collect it from any outlet or request delivery. Would you prefer home service?"
EXT-L-042,this is the representative from the the company courier service. We have received your delivery request to the location. Could you kindly confirm the dimensions and weight of the package before we schedule it?,LOW,delivery,external_generated_unknown_source,English_NonScam.txt,81,non_scam,Inherited non-scam label; retained as a benign/hard-negative example.,False,"[Greetings], this is [Name] from the [Company] courier service. We have  received your delivery request to [Location]. Could you kindly confirm the dimensions and weight of the package before we schedule it?"
EXT-L-043,this is the company Vet Clinic. We are checking in on the representative's annual check-up. We also have new wellness packages available for pets—shall we email the details to you?,LOW,delivery,external_generated_unknown_source,English_NonScam.txt,13,non_scam,Inherited non-scam label; retained as a benign/hard-negative example.,True,"[Greetings], this is [Company] Vet Clinic. We are checking in on [Name]'s annual check-up. We also have new wellness packages available for pets—shall we email the details to you?"
EXT-L-044,this is the company Courier Services. A parcel addressed to the representative will be delivered today between 3:00–5:00 PM. Would you like us to leave it at your doorstep if you are unavailable?,LOW,delivery,external_generated_unknown_source,English_NonScam.txt,14,non_scam,Inherited non-scam label; retained as a benign/hard-negative example.,True,"[Greetings], this is [Company] Courier Services. A parcel addressed to [Name] will be delivered today between 3:00–5:00 PM. Would you like us to leave it at your doorstep if you are unavailable?"
EXT-L-045,"this is the representative from the company Consumer Support. We are confirming delivery satisfaction for your recent purchase. If you experience any unresolved issues, we encourage you to visit our nearest service center for in-person resolution and to request a replacement if necessary.",LOW,delivery,external_generated_unknown_source,English_NonScam.txt,377,non_scam,Inherited non-scam label; retained as a benign/hard-negative example.,False,"[Greetings], this is [Name] from [Company] Consumer Support. We are confirming delivery satisfaction for your recent purchase. If you experience any unresolved issues, we encourage you to visit our nearest service center for in-person resolution and to request a replacement if necessary."
EXT-L-046,this is the representative from the company Travel Agency. You requested information about our vacation packages. Could you share your preferred travel dates and destinations?,LOW,delivery,external_generated_unknown_source,English_NonScam.txt,118,non_scam,Inherited non-scam label; retained as a benign/hard-negative example.,False,"[Greetings], this is [Name] from [Company] Travel Agency. You requested information about our vacation packages. Could you share your preferred travel dates and destinations?"
EXT-L-047,this is the company Delivery. Your order #the number has been shipped and is expected to arrive by the date. Please reach out if you have any delivery concerns.,LOW,delivery,external_generated_unknown_source,English_NonScam.txt,146,non_scam,Inherited non-scam label; retained as a benign/hard-negative example.,True,"[Greetings], this is [Company] Delivery. Your order #[Number] has been shipped and is expected to arrive by [Date]. Please reach out if you have any delivery concerns."
EXT-L-048,this is the company Courier Services. Your package will be delivered on the date between 10:00 AM and 2:00 PM. Please ensure someone is present to sign.,LOW,delivery,external_generated_unknown_source,English_NonScam.txt,47,non_scam,Inherited non-scam label; retained as a benign/hard-negative example.,True,"[Greetings], this is [Company] Courier Services. Your package will be delivered on [Date] between 10:00 AM and 2:00 PM. Please ensure someone is present to sign."
EXT-L-049,this is the company Delivery Services. Your grocery order will be delivered tomorrow between 2:00 PM and 4:00 PM. Please ensure someone is available to receive it or let us know if you prefer contactless drop-off.,LOW,delivery,external_generated_unknown_source,English_NonScam.txt,33,non_scam,Inherited non-scam label; retained as a benign/hard-negative example.,True,"[Greetings], this is [Company] Delivery Services. Your grocery order will be delivered tomorrow between 2:00 PM and 4:00 PM. Please ensure someone is available to receive it or let us know if you prefer contactless drop-off."
EXT-L-050,this is the company Energy Solutions. We are following up on your solar panel inquiry. We would love to walk you through our packages—how about a call on the date at your preferred time?,LOW,delivery,external_generated_unknown_source,English_NonScam.txt,46,non_scam,Inherited non-scam label; retained as a benign/hard-negative example.,False,"[Greetings], this is [Company] Energy Solutions. We are following up on your solar panel inquiry. We would love to walk you through our packages—how about a call on [Date] at your preferred time?"
EXT-L-051,"this is the representative from the company Pet Clinic. Just doing a quick follow-up to check how your pet is doing post-visit. If there are any side effects or behaviour changes, feel free to let us know—We are here to help.",LOW,health,external_generated_unknown_source,English_NonScam.txt,222,non_scam,Inherited non-scam label; retained as a benign/hard-negative example.,False,"[Greetings], this is [Name] from [Company] Pet Clinic. Just doing a quick follow-up to check how your pet is doing post-visit. If there are any side effects or behaviour changes, feel free to let us know—We are here to help."
EXT-L-052,this is the representative from the company Medical Clinic. Just confirming your appointment with Dr. the representative on the day at 10:00 AM. Please arrive a few minutes early if possible.,LOW,health,external_generated_unknown_source,English_NonScam.txt,137,non_scam,Inherited non-scam label; retained as a benign/hard-negative example.,True,"[Greetings], this is [Name] from [Company] Medical Clinic. Just confirming your appointment with Dr. [Name] on [Day] at 10:00 AM. Please arrive a few minutes early if possible."
EXT-L-053,"this is the representative from the company Health Department. We are conducting follow-ups for recipients of the the product vaccine administered last quarter. If you require a printed health certificate or would like to report post-vaccination symptoms, please visit your local the company clinic. Walk-in consultations are available on weekdays.",LOW,health,external_generated_unknown_source,English_NonScam.txt,371,non_scam,Inherited non-scam label; retained as a benign/hard-negative example.,False,"[Greetings], this is [Name] from [Company] Health Department. We are conducting follow-ups for recipients of the [Product] vaccine administered last quarter. If you require a printed health certificate or would like to report post-vaccination symptoms, please visit your local [Company] clinic. Walk-in consultations are available on weekdays."
EXT-L-054,"this is the company Medical Clinic. We are calling to confirm your appointment on the date at the time with the representativethe representative. If you need assistance with transportation or rescheduling, let us know—We are happy to help.",LOW,health,external_generated_unknown_source,English_NonScam.txt,3,non_scam,Inherited non-scam label; retained as a benign/hard-negative example.,False,"[Greetings], this is [Company] Medical Clinic. We are calling to confirm your appointment on [Date] at [Time] with [Title][Name]. If you need assistance with transportation or rescheduling, let us know—We are happy to help."
EXT-L-055,"this is the company Dental Clinic. Your routine dental cleaning is scheduled for the date at 9:30 AM. If you are experiencing any discomfort, we can include a brief consultation as well.",LOW,health,external_generated_unknown_source,English_NonScam.txt,50,non_scam,Inherited non-scam label; retained as a benign/hard-negative example.,True,"[Greetings], this is [Company] Dental Clinic. Your routine dental cleaning is scheduled for [Date] at 9:30 AM. If you are experiencing any discomfort, we can include a brief consultation as well."
EXT-L-056,this is the representative from the company Pharmacy. Your prescription refill is ready for pickup. Would you like to stop by today or should we hold it for you until a later time?,LOW,health,external_generated_unknown_source,English_NonScam.txt,153,non_scam,Inherited non-scam label; retained as a benign/hard-negative example.,True,"[Greetings], this is [Name] from [Company] Pharmacy. Your prescription refill is ready for pickup. Would you like to stop by today or should we hold it for you until a later time?"
EXT-L-057,this is the company Clinic. Your appointment with the representativethe representative had to be rescheduled due to unforeseen circumstances. Could we book a new slot for some time next week?,LOW,health,external_generated_unknown_source,English_NonScam.txt,99,non_scam,Inherited non-scam label; retained as a benign/hard-negative example.,True,"[Greetings], this is [Company] Clinic. Your appointment with [Title][Name] had to be rescheduled due to unforeseen circumstances. Could we book a new slot for some time next week?"
EXT-L-058,"this is the representative from the company Eye Clinic. I am calling to confirm your routine eye examination on the day at the time. If you need to reschedule or have any concerns, feel free to contact us.",LOW,health,external_generated_unknown_source,English_NonScam.txt,171,non_scam,Inherited non-scam label; retained as a benign/hard-negative example.,False,"[Greetings], this is [Name] from [Company] Eye Clinic. I am  calling to confirm your routine eye examination on [Day] at [Time]. If you need to reschedule or have any concerns, feel free to contact us."
EXT-L-059,this is the representative from the company Living Clinic. I am calling to confirm your upcoming appointment with our nutritionist to discuss your dietary plan. Let us know if you need to reschedule.,LOW,health,external_generated_unknown_source,English_NonScam.txt,174,non_scam,Inherited non-scam label; retained as a benign/hard-negative example.,False,"[Greetings], this is [Name] from [Company] Living Clinic. I am  calling to confirm your upcoming appointment with our nutritionist to discuss your dietary plan. Let us know if you need to reschedule."
EXT-L-060,this is the representative from the company Medical Center. We are reaching out to remind you of your annual physical examination scheduled for the date. Let us know if you need help preparing or have any questions.,LOW,health,external_generated_unknown_source,English_NonScam.txt,170,non_scam,Inherited non-scam label; retained as a benign/hard-negative example.,True,"[Greetings], this is [Name] from [Company] Medical Center. We are reaching out to remind you of your annual physical examination scheduled for [Date]. Let us know if you need help preparing or have any questions."
EXT-L-061,this is the representative from the company Gas Services. You mentioned a discrepancy in your gas bill. Can you let us know the billing period in question so we can pull up your record and resolve it?,LOW,utility,external_generated_unknown_source,English_NonScam.txt,133,non_scam,Inherited non-scam label; retained as a benign/hard-negative example.,True,"[Greetings], this is [Name] from [Company] Gas Services. You mentioned a discrepancy in your gas bill. Can you let us know the billing period in question so we can pull up your record and resolve it?"
EXT-L-062,"this is the representative from the company Utility Support. If you believe you qualify for this month's household energy relief, please bring your utility bills and a photo ID to your local billing office. Assistance is not processed over the phone.",LOW,utility,external_generated_unknown_source,English_NonScam.txt,390,non_scam,Inherited non-scam label; retained as a benign/hard-negative example.,True,"[Greetings], this is [Name] from [Company] Utility Support. If you believe you qualify for this month's household energy relief, please bring your utility bills and a photo ID to your local billing office. Assistance is not processed over the phone."
EXT-L-063,"this is the representative from the company Car Dealership. I am reaching out to let you know about our new inventory, including the latest electric vehicles. Would you be interested in scheduling a test drive?",LOW,utility,external_generated_unknown_source,English_NonScam.txt,152,non_scam,Inherited non-scam label; retained as a benign/hard-negative example.,True,"[Greetings], this is [Name] from [Company] Car Dealership. I am  reaching out to let you know about our new inventory, including the latest electric vehicles. Would you be interested in scheduling a test drive?"
EXT-L-064,"this is the company Internet Services. We are offering new router upgrades for existing users. Would you be interested in a faster, more secure setup?",LOW,utility,external_generated_unknown_source,English_NonScam.txt,141,non_scam,Inherited non-scam label; retained as a benign/hard-negative example.,True,"[Greetings], this is [Company] Internet Services. We are offering new router upgrades for existing users. Would you be interested in a faster, more secure setup?"
EXT-L-065,this is the representative. the company’s new electric bike is finally in stores. It looks sleek and eco-friendly. Want to check it out this weekend?,LOW,utility,external_generated_unknown_source,English_NonScam.txt,349,non_scam,Inherited non-scam label; retained as a benign/hard-negative example.,True,"[Greetings], this is [Name]. [Company]’s new electric bike is finally in stores. It looks sleek and eco-friendly. Want to check it out this weekend?"
EXT-L-066,this is the representative from the company Utility Services. We noticed a discrepancy in your recent bill. Would now be a good time to review the details together?,LOW,utility,external_generated_unknown_source,English_NonScam.txt,138,non_scam,Inherited non-scam label; retained as a benign/hard-negative example.,True,"[Greetings], this is [Name] from [Company] Utility Services. We noticed a discrepancy in your recent bill. Would now be a good time to review the details together?"
EXT-L-067,"this is the company Utilities. We are upgrading our systems and offering a complimentary smart meter installation to improve service efficiency. Can we schedule a visit to your home this week? The appointment takes around 20 minutes, and there is no cost involved.",LOW,utility,external_generated_unknown_source,English_NonScam.txt,1,non_scam,Inherited non-scam label; retained as a benign/hard-negative example.,False,"[Greetings], this is [Company] Utilities. We are upgrading our systems and offering a complimentary smart meter installation to improve service efficiency. Can we schedule a visit to your home this week? The appointment takes around 20 minutes, and there is no cost involved."
EXT-L-068,this is the company Internet Services. We are performing maintenance in your area on the date from the time. Services may be briefly interrupted. Thank you for your understanding.,LOW,utility,external_generated_unknown_source,English_NonScam.txt,21,non_scam,Inherited non-scam label; retained as a benign/hard-negative example.,True,"[Greetings], this is [Company] Internet Services. We are performing maintenance in your area on [Date] from [Time]. Services may be briefly interrupted. Thank you for your understanding."
EXT-L-069,"this is the representativethe representative from the police department. You reported witnessing a minor road accident. Could you provide more details such as the time, place, and any involved vehicles or individuals?",LOW,government,external_generated_unknown_source,English_NonScam.txt,87,non_scam,Inherited non-scam label; retained as a benign/hard-negative example.,False,"[Greetings], this is [Title][Name] from the police department. You reported witnessing a minor road accident. Could you provide more details such as the time, place, and any involved vehicles or individuals?"
EXT-L-070,this is the representativethe representative from the company Police Services. You mentioned your car was broken into. Could you confirm the location and time of the incident so we can file the report?,LOW,government,external_generated_unknown_source,English_NonScam.txt,90,non_scam,Inherited non-scam label; retained as a benign/hard-negative example.,False,"[Greetings], this is [Title][Name] from [Company] Police Services. You mentioned your car was broken into. Could you confirm the location and time of the incident so we can file the report?"
EXT-L-071,this is the representativethe representative from the local police department. You reported finding a lost wallet. Could you describe its appearance and location so we can assist in returning it to the rightful owner?,LOW,government,external_generated_unknown_source,English_NonScam.txt,86,non_scam,Inherited non-scam label; retained as a benign/hard-negative example.,True,"[Greetings], this is [Title][Name] from the local police department. You reported finding a lost wallet. Could you describe its appearance and location so we can assist in returning it to the rightful owner?"
EXT-L-072,"this is the representative from the company Tax Services. This is a reminder that the tax filing deadline is approaching on the date. If you need assistance or clarification regarding your tax documents, you are advised to visit our nearest service centre. Certified tax officers on-site conduct all consultations.",LOW,government,external_generated_unknown_source,English_NonScam.txt,370,non_scam,Inherited non-scam label; retained as a benign/hard-negative example.,False,"[Greetings], this is [Name] from [Company] Tax Services. This is a reminder that the tax filing deadline is approaching on [Date]. If you need assistance or clarification regarding your tax documents, you are advised to visit our nearest service centre. Certified tax officers on-site conduct all consultations."
EXT-L-073,"this is the company Government Services. We are reviewing previous applications for accuracy. If you would like to update your information, you can do so online or by visiting our office.",LOW,government,external_generated_unknown_source,English_NonScam.txt,145,non_scam,Inherited non-scam label; retained as a benign/hard-negative example.,True,"[Greetings], this is [Company] Government Services. We are reviewing previous applications for accuracy. If you would like to update your information, you can do so online or by visiting our office."
EXT-L-074,this is the representativethe representative from the company Police Department. You reported suspicious activity in your area. Could you describe the individual and their location so we can follow up appropriately?,LOW,government,external_generated_unknown_source,English_NonScam.txt,89,non_scam,Inherited non-scam label; retained as a benign/hard-negative example.,True,"[Greetings], this is [Title][Name] from [Company] Police Department. You reported suspicious activity in your area. Could you describe the individual and their location so we can follow up appropriately?"
EXT-L-075,this is the representativethe representative from the police station. We received your report about a stolen bicycle. Can you describe the bike and let us know when and where it was last seen?,LOW,government,external_generated_unknown_source,English_NonScam.txt,88,non_scam,Inherited non-scam label; retained as a benign/hard-negative example.,True,"[Greetings], this is [Title][Name] from the police station. We received your report about a stolen bicycle. Can you describe the bike and let us know when and where it was last seen?"
EXT-L-076,this is the representative. I am helping organize a charity walk at the location on the date for a local cause. It would mean a lot to have you join us. Let me know if you are interested.,LOW,banking,external_generated_unknown_source,English_NonScam.txt,265,non_scam,Inherited non-scam label; retained as a benign/hard-negative example.,True,"[Greetings], this is [Name]. I am helping organize a charity walk at [Location] on [Date] for a local cause. It would mean a lot to have you join us. Let me know if you are interested."
EXT-L-077,this is the company Bank. We are currently offering a limited-time interest rate reduction on home loans. Would you like to speak with our loan officer to explore this opportunity?,LOW,banking,external_generated_unknown_source,English_NonScam.txt,42,non_scam,Inherited non-scam label; retained as a benign/hard-negative example.,True,"[Greetings], this is [Company] Bank. We are currently offering a limited-time interest rate reduction on home loans. Would you like to speak with our loan officer to explore this opportunity?"
EXT-L-078,this is the company Finance Services. We are conducting a routine account update. Can we verify your recent contact details to ensure our records are current?,LOW,banking,external_generated_unknown_source,English_NonScam.txt,140,non_scam,Inherited non-scam label; retained as a benign/hard-negative example.,False,"[Greetings], this is [Company] Finance Services. We are conducting a routine account update. Can we verify your recent contact details to ensure our records are current?"
EXT-L-079,this is the company Music School. We are enrolling for our beginner piano class starting the date. Would you or someone you know be interested in developing a new musical skill?,LOW,banking,external_generated_unknown_source,English_NonScam.txt,70,non_scam,Inherited non-scam label; retained as a benign/hard-negative example.,True,"[Greetings], this is [Company] Music School. We are enrolling for our beginner piano class starting [Date]. Would you or someone you know be interested in developing a new musical skill?"
EXT-L-080,"this is the representative. I saw a notice regarding delays in the latest stimulus payments. To avoid confusion or misinformation, it is best to visit your bank's nearest branch to confirm your disbursement status. Bring your account details and any official communication received.",LOW,banking,external_generated_unknown_source,English_NonScam.txt,373,non_scam,Inherited non-scam label; retained as a benign/hard-negative example.,False,"[Greetings], this is [Name]. I saw a notice regarding delays in the latest stimulus payments. To avoid confusion or misinformation, it is best to visit your bank's nearest branch to confirm your disbursement status. Bring your account details and any official communication received."
EXT-L-081,this is the representative. I am helping coordinate volunteers for a youth outreach event at the location on the date. Your experience would be so valuable. Would you be open to joining the team?,LOW,banking,external_generated_unknown_source,English_NonScam.txt,298,non_scam,Inherited non-scam label; retained as a benign/hard-negative example.,False,"[Greetings], this is [Name]. I am helping coordinate volunteers for a youth outreach event at [Location] on [Date]. Your experience would be so valuable. Would you be open to joining the team?"
EXT-L-082,this is the company Landscaping Services. Your garden maintenance visit is confirmed for the date. Our team will arrive between 8:00 AM and 10:00 AM. Please ensure access to the yard.,LOW,banking,external_generated_unknown_source,English_NonScam.txt,38,non_scam,Inherited non-scam label; retained as a benign/hard-negative example.,False,"[Greetings], this is [Company] Landscaping Services. Your garden maintenance visit is confirmed for [Date]. Our team will arrive between 8:00 AM and 10:00 AM. Please ensure access to the yard."
EXT-L-083,this is the representative from the company Pet Supplies. Our latest pet food products are now in stock. Is there something specific you need for your pet? We would be happy to assist.,LOW,investment,external_generated_unknown_source,English_NonScam.txt,183,non_scam,Inherited non-scam label; retained as a benign/hard-negative example.,True,"[Greetings], this is [Name] from [Company] Pet Supplies. Our latest pet food products are now in stock. Is there something specific you need for your pet? We would be happy to assist."
EXT-L-084,this is the representative. I know you have been interested in blockchain technology. the company just released a new beginner course that explains crypto security basics. Want to go through it together?,LOW,investment,external_generated_unknown_source,English_NonScam.txt,336,non_scam,Inherited non-scam label; retained as a benign/hard-negative example.,True,"[Greetings], this is [Name]. I know you have been interested in blockchain technology. [Company] just released a new beginner course that explains crypto security basics. Want to go through it together?"
EXT-L-085,this is the representative from the company Investments. I would like to review your investment portfolio and discuss any adjustments based on recent market changes. Can we schedule a meeting to go over the details?,LOW,investment,external_generated_unknown_source,English_NonScam.txt,154,non_scam,Inherited non-scam label; retained as a benign/hard-negative example.,True,"[Greetings], this is [Name] from [Company] Investments. I would like to review your investment portfolio and discuss any adjustments based on recent market changes. Can we schedule a meeting to go over the details?"
EXT-L-086,"this is the representative. I just watched a documentary on environmental tech, and it reminded me of our college debates. You would have loved the section on the product solutions. Want to catch up and chat about it?",LOW,tech_support,external_generated_unknown_source,English_NonScam.txt,307,non_scam,Inherited non-scam label; retained as a benign/hard-negative example.,True,"[Greetings], this is [Name]. I just watched a documentary on environmental tech, and it reminded me of our college debates. You would have loved the section on [Product] solutions. Want to catch up and chat about it?"
EXT-L-087,this is the representative. I saw an opportunity to write for a tech blog based at the company. You write well and this could be a great side project. Want me to forward the link?,LOW,tech_support,external_generated_unknown_source,English_NonScam.txt,313,non_scam,Inherited non-scam label; retained as a benign/hard-negative example.,False,"[Greetings], this is [Name]. I saw an opportunity to write for a tech blog based at [Company]. You write well and this could be a great side project. Want me to forward the link?"
EXT-L-088,this is the representative. I just joined a podcast series on future tech hosted by the company and the latest episode was about brain-computer interfaces. I think you would enjoy it. Shall I send you the link?,LOW,tech_support,external_generated_unknown_source,English_NonScam.txt,368,non_scam,Inherited non-scam label; retained as a benign/hard-negative example.,False,"[Greetings], this is [Name]. I just joined a podcast series on future tech hosted by [Company] and the latest episode was about brain-computer interfaces. I think you would enjoy it. Shall I send you the link?"
EXT-L-089,this is the representative. I just signed up for a livestreamed tech debate hosted by the company. The topic is AI in education. Would you like to join in and share thoughts afterward?,LOW,tech_support,external_generated_unknown_source,English_NonScam.txt,361,non_scam,Inherited non-scam label; retained as a benign/hard-negative example.,False,"[Greetings], this is [Name]. I just signed up for a livestreamed tech debate hosted by [Company]. The topic is AI in education. Would you like to join in and share thoughts afterward?"
EXT-L-090,this is the company Tech Support. We noticed a software update is pending on your device. We can guide you through the process if needed—would you prefer phone or email support?,LOW,tech_support,external_generated_unknown_source,English_NonScam.txt,12,non_scam,Inherited non-scam label; retained as a benign/hard-negative example.,True,"[Greetings], this is [Company] Tech Support. We noticed a software update is pending on your device. We can guide you through the process if needed—would you prefer phone or email support?"
EXT-L-091,"this is the representative. I found a donation drive for displaced communities in the location, hosted officially by the company. If you want to verify or contribute directly, they have a branch near the location where you can speak with coordinators.",LOW,charity,external_generated_unknown_source,English_NonScam.txt,399,non_scam,Inherited non-scam label; retained as a benign/hard-negative example.,False,"[Greetings], this is [Name]. I found a donation drive for displaced communities in [Location], hosted officially by [Company]. If you want to verify or contribute directly, they have a branch near [Location] where you can speak with coordinators."
EXT-L-092,"this is the representative from the company Charity Foundation. Thank you for your ongoing support. If you would like to learn more about our current relief mission or donate in person, you are welcome to visit our registered outreach center at the location. Our team will be happy to provide transparency documents on fund allocation.",LOW,charity,external_generated_unknown_source,English_NonScam.txt,378,non_scam,Inherited non-scam label; retained as a benign/hard-negative example.,False,"[Greetings], this is [Name] from [Company] Charity Foundation. Thank you for your ongoing support. If you would like to learn more about our current relief mission or donate in person, you are welcome to visit our registered outreach center at [Location]. Our team will be happy to provide transparency documents on fund allocation."
EXT-L-093,"this is the company Foundation. We are organizing a charity run on the date to raise funds for children's education. Would you like to run, volunteer, or help us spread the word?",LOW,charity,external_generated_unknown_source,English_NonScam.txt,67,non_scam,Inherited non-scam label; retained as a benign/hard-negative example.,True,"[Greetings], this is [Company] Foundation. We are organizing a charity run on [Date] to raise funds for children's education. Would you like to run, volunteer, or help us spread the word?"
EXT-L-094,"this is the representative from the company Health Research Network. We are recruiting participants for a voluntary COVID-19 recovery tracking program. For full privacy information and consent forms, please visit the health research department at the company Hospital.",LOW,employment,external_generated_unknown_source,English_NonScam.txt,389,non_scam,Inherited non-scam label; retained as a benign/hard-negative example.,False,"[Greetings], this is [Name] from [Company] Health Research Network. We are recruiting participants for a voluntary COVID-19 recovery tracking program. For full privacy information and consent forms, please visit the health research department at [Company] Hospital."
EXT-L-095,this is the representative from the company Recruitment. You applied for the the representative role. Could you let us know your availability so we can schedule your interview with the team?,LOW,employment,external_generated_unknown_source,English_NonScam.txt,109,non_scam,Inherited non-scam label; retained as a benign/hard-negative example.,True,"[Greetings], this is [Name] from [Company] Recruitment. You applied for the [Title] role. Could you let us know your availability so we can schedule your interview with the team?"
EXT-L-096,this is the representative from the company Human Resources. You have been shortlisted for the the representative position. Could you share your preferred date and time for the interview?,LOW,other,external_generated_unknown_source,English_NonScam.txt,110,non_scam,Inherited non-scam label; retained as a benign/hard-negative example.,False,"[Greetings], this is [Name] from [Company] Human Resources. You have  been shortlisted for the [Title] position. Could you share your preferred date and time for the interview?"
EXT-L-097,this is the company Games. We are setting up a live-action escape room in a real historical mansion—can you and your team solve the puzzles before time runs out?,LOW,other,external_generated_unknown_source,English_NonScam.txt,74,non_scam,Inherited non-scam label; retained as a benign/hard-negative example.,True,"[Greetings], this is [Company] Games. We are setting up a live-action escape room in a real historical mansion—can you and your team solve the puzzles before time runs out?"
EXT-L-098,this is the representative. I just wanted to check in and see how things have been going at home. I know you have had a lot on your plate lately. Let me know if you want to talk or need a distraction.,LOW,other,external_generated_unknown_source,English_NonScam.txt,264,non_scam,Inherited non-scam label; retained as a benign/hard-negative example.,True,"[Greetings], this is [Name]. I just wanted to check in and see how things have been going at home. I know you have had a lot on your plate lately. Let me know if you want to talk or need a distraction."
EXT-L-099,this is the representative. We are putting together a group farewell gift for the representative and I would love your input. Any ideas for what we could get?,LOW,other,external_generated_unknown_source,English_NonScam.txt,234,non_scam,Inherited non-scam label; retained as a benign/hard-negative example.,True,"[Greetings], this is [Name]. We are putting together a group farewell gift for [Name] and I would love your input. Any ideas for what we could get?"
EXT-L-100,this is the company Music Academy. Just a reminder—your piano lesson is scheduled for the date at 5:30 PM with the representativethe representative. Please arrive 10 minutes early for warm-up.,LOW,other,external_generated_unknown_source,English_NonScam.txt,36,non_scam,Inherited non-scam label; retained as a benign/hard-negative example.,True,"[Greetings], this is [Company] Music Academy. Just a reminder—your piano lesson is scheduled for [Date] at 5:30 PM with [Title][Name]. Please arrive 10 minutes early for warm-up."
